X7UB6V,61
EUONH0,91
XSH4K6,84
A5Q1VO,96
YK8QT0,4
NAITAW,29
VH3S8V,18
0UBXCK,68
FJXHCK,85
6NKBGW,85
T5FNXZ,34
25WDW2,97
E01JTM,62
YZ9REE,79
89JD18,58
YF7AP0,20
SNKS2I,10
DZEEER,23
T3L8SW,64
WXRBEB,76
VLVYQU,16
IF8M4E,9
DUHLIX,93
1R083V,29
9FPDPV,17
ET6UO3,67
CRFOVE,88
A3KDYY,77
DME4TH,52
VDM68A,54
UTQU35,72
PC8YE6,51
2HM463,82
R4FX3H,63
FZO1Z8,9
9HI2PC,3
ZDT2WP,42
Z5VYGA,75
5ZGEJS,100
N1O5RV,69
MQ974Z,86
DD846V,31
KIAYK9,9
8WVOU7,98
S4QO0T,55
EL5VNO,16
7BZGDB,90
5P48A5,5
2SKDQM,59
YSELQJ,41
4W3LLT,58
ADU6SN,45
IL6CPM,59
XT3JIZ,60
N1CJ5O,87
WS1TFS,92
DZGQ7Q,94
DMVV9Y,96
BWN5UE,11
FKZEFP,42
24M604,100
8S0FG2,25
WLUMTA,12
LTHHOV,50
2XIB1E,12
SLCW8J,55
JKI63M,94
V2IYTG,68
UPCVBC,1
HAPVJ9,18
94DCY0,80
MC9QP5,10
V3ZWLU,98
EFED2E,36
C4HI6U,23
S8JFQR,56
HJBHZI,32
C236Q3,27
DF8IVC,4
3EDMB7,54
0BIPNE,66
6CKBGZ,82
X5FS2G,62
MKYI4Q,26
IJKN8Q,78
7S9S6B,28
XOIOOX,6
MLTIB6,12
JABR0F,12
Z0UNU6,4
XA5JQU,68
PNT1XW,93
X15EI5,99
33BG9M,30
814NH9,73
AUDAY3,40
2827M3,20
JV2AQ1,38
9CNI28,60
10MBFF,93
1INCKV,41
7WT19R,92
BRWK1J,53
TWD97G,66
XTZCNC,74
8WQTY0,44
QVKNWV,32
ABLXC9,54
V0K691,4
MMHHID,24
LQ67D8,66
YI1JYT,72
I6CXBI,78
B428LE,7
MW1BLL,30
OY23UV,88
PNN29S,18
5Q4A7F,34
4HJB0M,8
UNWTTT,25
BQYB7H,46
2DMF9T,51
HV40GM,94
J2Q4JE,42
XFNEQR,55
RXMKTP,17
4UWMGU,27
Y0WK2G,98
5T4PLD,63
L36B2A,8
IM4A0H,13
XGGHPE,59
D4L4S4,99
WVNX6I,22
ST6LDZ,17
9IX8WP,51
KBHDF4,37
VGR2BQ,6
6OGY93,5
XJ9TUK,92
9A9CRK,52
NL3YLZ,93
Z3ZUJB,2
L3R4X9,13
NI5Z4Z,53
HVX0VZ,49
5UBC7V,11
5DOLZE,89
494HW4,78
KLC628,64
GFMY1Y,54
LLMEIU,47
8JFO88,96
IKXNAA,86
NNBJZP,83
6UCA3U,55
9C91RU,72
IEM1JG,78
VMCTEK,0
FJ6S9D,77
AHTTJZ,29
J14NEP,52
CL4T11,83
B4B9MX,62
K3KLMW,28
5BC107,35
52K6YG,80
5D7O7I,3
CJDG3X,3
SGRV3N,71
R4WM3N,14
JD6968,17
NGGYDG,94
UBAJFA,42
ZWWQDM,75
SIB5LM,8
LHM0B3,64
J8NX3R,93
BCG20M,43
ZNE19B,11
6BKMZZ,71
UBYY5B,99
RCA99F,74
4T5PPZ,74
EP7IVD,79
1AYESB,42
BPW77J,92
L3AOBJ,77
9GJPD7,73
JTWSW9,48
NHUDS3,51
JMXAZ3,23
7CNAAD,65
6F2L1G,46
1Y4ODR,34
2PW02V,4
S2UVQ8,40
71JCPA,95
7S50QM,12
13X9GD,93
8C590B,57
IF3DAC,44
XNWUWH,42
E48Q6D,42
5NVSWW,83
XAV38G,62
05XGRN,44
N3GTWZ,17
RWZVLD,57
GL4VKW,69
CBHRUQ,93
UQU8HN,57
2XFR5X,10
K47TS8,94
VKNJCX,44
84Z28Z,42
SO83O8,85
VLIX3W,84
JC7J0F,36
976QNI,61
70YPB7,49
6S5KQI,70
DMJ2CP,42
JVTV47,7
45XM4V,53
C9SSNS,62
9YF47D,60
3HZW2P,28
XGR8LF,11
CRJE6C,32
9T5IZ0,72
6X9B4Z,99
GW8IP5,5
CF1WL4,49
OIIDZI,41
HUPXMG,89
8M3GGM,49
JJIIDB,58
97XUMJ,34
4R27Q9,47
4S13DY,100
T8AY0V,75
901DGY,84
SKV013,56
SQD8FJ,80
B8ML8U,41
S4C0UU,37
CBN4TA,12
XS04UN,42
GULWF1,20
RJXFEI,43
7DYV1A,39
3ZKODW,11
6PPLWD,87
PTU17N,41
92VZZR,15
TW6I6O,15
05S00Q,18
3GGAH0,25
S7MLBH,84
DSYM21,15
ZVGS4D,15
6B421L,21
WPGKUC,82
CI3DT6,4
WWTTP1,100
5DS06E,25
6SIUVG,100
4L4YUF,24
T5JGDC,64
PNLAQ3,0
L62PDY,77
CC4MV7,67
KIF8BR,69
G5NPRO,39
SL0BC0,82
9GPVU1,71
JJ190B,56
ORX5BJ,3
WU5PYZ,11
BZWY22,18
5ZUCLO,28
WE11HR,79
0YDHAN,97
455IIS,88
WCJ79Y,25
X6VPA2,78
VF50GT,99
YGZJQT,53
VEUE18,88
BNCC8M,95
AKZ7TP,83
1WT621,47
KCK6GD,45
Y0VOYX,17
1H0UHJ,98
K9DWX1,62
8OU56R,72
PM478P,54
8S9QPF,99
DWNB3Z,71
SUKICA,43
ZMTTA7,90
BJWDSY,49
BSENZD,19
N0ZR8L,95
67P2CP,47
HKRTVH,95
B1Q5FE,30
6F9EQF,81
NAJCQ4,97
5MO4RN,9
LTF68I,84
MTKDKU,95
NG78B9,36
E7KS4P,92
XR6NGP,6
TMC9L8,93
84CGPJ,37
9G0NW6,93
YQ82CX,71
3F1OFD,58
6ZY1NW,63
7FOJ9H,69
VK8KDI,54
F68MH7,84
H6DO2P,6
PX9EH7,11
CMGVMY,29
KURIBK,20
EGLEZJ,19
1QFRMK,84
9D5GOE,35
SYMHGY,67
NWCRZY,11
FORW85,53
30E04O,38
GPN6OO,30
3C50RT,100
OPSTI7,25
W83LX9,57
61SGVX,13
VSJLGJ,57
G5NNNO,9
8HYIIJ,63
NM99YZ,63
NHUIV9,45
A1KMED,63
SFLVOT,55
K6N6KG,78
88T475,20
Z1AXYC,90
0QPP48,34
JJK762,17
9KTPVT,87
79KE7Z,86
MQ0849,52
CNU6NU,23
0I6FUB,5
L3U2J7,34
LCJYTU,93
ODKE5L,33
RVQM9R,96
KGQ4YT,69
5AJ2M4,90
33QA4R,53
R2LZNM,32
GT4YEB,75
CAFOHL,95
C4ODON,75
QW9QUX,61
W9VDCG,93
GD85SJ,75
6TQ9YZ,94
86PJWT,82
WE61EK,62
TYX6JU,45
S6ML80,36
YA95IF,74
GWDUJI,30
R91B2R,39
QEAFDV,54
UQERGE,10
WXLU1T,77
YK3H75,50
K8QLAM,39
9NKUBN,26
OTD4X3,54
U8KKRN,97
QF7QBM,86
QU48S5,63
PR00QE,2
7UQVW0,68
H07FOJ,53
NF0UWF,14
GEU1HP,1
U012Q9,65
M2SM3M,6
RXL7SS,86
73CZ4R,58
VBOQXN,36
24SALA,80
8KVI40,100
Q29OXZ,58
08E7NH,38
PM1YQZ,55
YJDSUX,29
ITQUEO,1
TTLV8A,88
AXZZ8U,20
LF6SE2,66
B33ERR,72
8FWNGH,6
5ZC4XH,66
RS2MYB,22
22OHVS,67
ZJP46S,65
YYJVE1,37
5R1S17,22
7FPU5I,61
QJA85D,80
UKI1Z6,26
VGJ5YV,25
SP7POW,27
ZD7F0A,12
TWZXJT,6
0GZ0QL,70
K2UCRZ,34
XEPBRR,20
KMQ6IX,87
BGPL68,16
G1AHCH,58
ECJ3LV,32
6HJMBL,9
WZR3UO,95
A39CWU,20
JQXVM3,70
720552,40
2VWPB0,66
04MAW3,24
LW2VGA,77
S4BUDJ,91
C9Y15E,56
F3XJII,65
2AKCM2,13
0UO6EX,74
2M97MS,4
0ZSHQX,61
5QL204,91
7AJAMT,54
1D1G1Y,63
3XCVZ5,39
9RIITL,10
17UULO,69
YRRE9J,38
69Z38V,16
L7VSUL,56
W9Z18E,16
1DHXEI,70
LWGSPM,51
F3WKIG,82
5TJOYG,21
E7VRW5,17
HOROH9,93
9PHV55,27
C38O7Z,12
DG0H9D,81
G3XDAD,38
7QG9YQ,35
6KOSJS,87
NI12H1,30
2T7UFV,69
QH0IZ7,45
YT21M6,54
EUQ2HM,99
H73MD6,16
YYGUJV,0
N757MC,2
TNCDQU,76
3H8RUI,61
ML5N2V,57
U1E9R2,59
077664,63
7T3GWU,86
9H6R2G,0
71T56Y,83
XJNIQQ,26
OEA3UN,3
A2XULC,22
Z4NNBI,95
CMYH3M,17
LUJQJS,49
KAXIGL,55
OZI004,69
127YK4,28
G0J086,48
CH89RK,80
YDWS7V,34
78J6JD,38
EYCSIN,26
DUO0WB,26
0T679L,89
Z7PK5L,4
FU45NY,56
8LGN8B,27
0Y8EMF,36
JTRY38,97
RDZ2HX,87
9IATFM,19
DH0JV0,95
0HQAA5,2
WGUEC7,75
KA3EXQ,74
GOKKUD,16
5A8QVH,100
7WNYQP,80
R9EH58,48
PCIUAX,76
F5YWXC,33
IWEH4K,36
XDKQ1G,30
FLYBZ6,6
DOR51N,42
AEG9MR,4
SE94YF,61
QX3LD3,89
B025B1,98
9CIX4H,96
K745VW,21
OJ6SU1,58
6B7MMB,84
SDH971,50
DGYX6I,3
XDXM1B,3
0WV9V0,7
CTOTVP,69
9ARSR4,86
F4JM8O,75
GXNXIY,36
SL4D4I,40
GF9XN2,69
DWKZ0Z,24
QSJQQX,14
BMPJEW,50
3MM6ZL,77
ST48YB,31
UICP3H,6
PLPU8N,37
OJ6XQ1,100
5TGUUA,28
HJ2GSZ,14
FE7PZG,37
N1GKQK,13
MQ50A7,9
9TZB7P,21
OY3D75,46
QR7POX,46
Z6I561,14
LO9YJ8,77
BWGABV,96
WBZXD4,71
205YGS,72
1GZ9DQ,94
CG41VP,84
486AT9,74
47TTZ5,64
2VYIJZ,99
1W9US6,58
NC0IQA,14
CW9EBY,18
7CZKHQ,24
PP86NB,76
NX62Z1,67
1XAUXE,31
WQY077,2
LIFXVR,89
06VNSB,42
AANEG2,6
L8HZH0,36
7Z0T8J,75
R2E2ZZ,12
ZJT4YM,31
MLNVDR,60
VCS05C,20
3WLXG3,46
TRZ6NR,4
9WPFF4,95
BKTXB0,7
TR2P9U,84
YYUX01,55
51GQLF,55
913BGX,39
OL5DKW,30
39ZKM2,63
7E5I82,83
CJFYOG,4
W86GZB,46
7MZCWL,7
IMJZ0E,43
1U95X8,21
IREEZG,76
6B440L,42
UELJZO,64
1BU66F,62
83R18P,32
CDKZO9,40
Q3F5NI,10
HV72HC,74
F8FR4H,22
ZP102V,3
Z0LBHK,16
NHPW2O,72
K6R4E7,51
O8IVZG,93
4GJC4I,91
XNEWUZ,39
SN7NDF,63
VQJKRL,41
548PZS,44
39JTR5,34
YIH38P,50
Y0NF1R,31
LKD14N,71
M8PRMS,52
CLB0IB,12
5UXAHQ,97
OOWQ3M,31
Q4QGO4,30
X7238P,56
2DZVWQ,56
1O1E1M,62
CC8PNZ,8
IN1SQG,31
KA13SA,32
7UNUQH,42
C00X2L,26
SU5HSX,29
SYRJZ6,9
FHZCRI,91
98ZWUJ,100
S10W2P,98
H104AR,76
S1DCXK,79
COXBHK,67
109UXH,99
ZKVD8C,51
S1PDVT,61
NWZJ1N,30
T5TJFU,24
FKW4P8,35
B20PFI,47
85XUJI,41
YDEBP5,97
QARMB2,11
GQR305,59
WFTVG2,0
9DZBXL,58
DQ7ARY,96
94IBLN,3
4VPFYA,86
PS5YL6,81
DA47HY,60
NA9ODD,93
D074R5,55
6PBK4A,58
4SIZNQ,100
AT0514,98
LE3JL4,90
YXD6EV,69
YQK7UR,50
BQ58XW,5
0CZHGB,56
TDIAVW,16
DO81YP,49
OVUX0N,74
GTA84X,18
EK686Z,13
2N3BRV,61
OSDO3D,41
IR8N1I,33
0D8XYD,13
DTJ3RD,82
HNR03X,75
VBPX0U,7
0OZMGQ,32
7I0DHK,97
LB51RX,9
DM955C,58
F9NMVV,78
ASR9ON,49
V0TLCH,2
VXY4VG,73
OK338H,5
GPQRHL,92
GZWBQN,97
H4YVLP,79
C5NKOO,10
UN9CRV,69
ISVENA,70
ZE0U3Y,60
D3ZCF8,25
Z9O5HK,74
83YV9O,71
PUQSG1,32
SNROV5,98
964DQ0,6
BH9EGI,92
0FG5EY,79
EAKEKG,16
LE5L75,56
PWTQ2G,72
XPPXKO,38
42OF3I,36
HMWCI6,19
ER4EC8,31
J345U2,98
RKFY2T,60
ZDFUM6,76
TTNZD6,57
XHZAPU,93
HYZBW1,71
D5U7VI,62
9KRHB0,91
0MIHTI,97
QHC3D1,2
6OKY00,4
YJFZAC,38
SD6A85,78
DTRLX3,69
805MG7,1
61ZW89,12
ES42U3,25
3F56PB,69
4ZD1KA,22
O37RXU,55
2SSSFP,21
4Z1K0M,54
TY0Q3M,73
4R0RFQ,32
VN1HMS,43
4ZXMDR,43
6M2VJR,91
2304C6,56
JD1JB3,88
507PFV,52
X1ALAX,13
SBHWT4,95
4GOSKN,70
JQ59WI,68
JHKA16,8
2T1PQM,69
1G4TWM,13
UKRDX9,85
EOUZ73,38
P95MF1,24
IJY9Q7,82
A88OJA,99
X0FN7U,69
Y5XM6Z,81
0XCFZ2,49
D1X3CW,45
12F9IL,3
6WXAGP,99
P498FI,18
8FOV5T,74
UQS6LM,48
EY5ROB,90
VRTAZA,17
11EHWU,66
BERH1Y,80
VP4JKC,22
RM0H3Y,48
MS5TW2,56
XSM65F,61
ZZ1C0A,68
MMVPIP,32
NKE1VY,33
52QBV9,28
PXBLJD,16
1VNC26,3
J5WJY6,85
T5POVO,25
ZAEWSX,46
OI1FMO,60
3H8T0R,95
GV9ADA,13
5Q1JSM,71
T525BK,73
WZ1HC0,6
7CLZ53,48
ZCIZM5,99
ETIRUO,54
OWZJTZ,100
463HCE,17
KFAUQK,69
WSIE3P,73
7GNFA9,0
DH00BK,71
G1YLO1,27
R15A4B,32
JT02CJ,97
ZBCRX8,32
9Q3AKS,64
3JBB8U,17
BDJRR9,66
H5QJS5,30
BMZXX4,62
R0TJLL,33
NSOAVL,59
TJNFII,96
00OFRT,62
KSNWEX,88
89AAYO,87
7XJ5GB,90
IOEKBZ,25
32TRD4,71
1FDO86,25
O5Q16H,93
MWCFQP,58
AY96V1,65
BLYV3T,88
BB3KFF,96
KQDOOX,31
D10PDE,4
FD1ER7,67
ASN6DU,80
VUMV8B,45
Q8EM9T,46
0RVX0B,0
6YW340,50
7NWDEZ,50
3HKWE3,46
JH9COH,77
9V8N4V,60
7A3SHO,18
LFMCY2,97
G0ADXU,34
AS1BTY,43
PYMSZG,87
P7O5LT,70
RRIKZR,59
8SEQMJ,38
MPYPDV,69
A36U53,26
U6V7RI,29
SL814A,6
35CDBL,80
62SU5D,57
DOPDUC,80
MVV722,72
JOPASB,63
E7QMN9,51
P69LJD,28
FH4MVM,38
J1KE7V,13
01OSRJ,16
I6UA1J,32
ZGFYGD,65
M4LHR8,1
IP0ZJL,45
TVX2UZ,55
9PF17T,63
6MHZLH,26
PW1ZSI,37
UUKBKG,25
GH9OEB,82
XK2252,24
XCJP16,17
BNJN8S,23
HCQFY0,12
2MKTUC,51
E8D9FO,10
EH0RKE,72
SEMRFZ,67
08C8TY,45
EX4CF2,3
MO1HHF,93
ED8SUZ,98
91WZW6,37
ITRSYE,39
XSO8KM,81
UUKUIG,86
34B307,29
PO3FYH,22
05SWU3,26
O3X0M3,78
DLNR3K,1
FSP6SK,5
IU5BZ4,42
P36Y02,40
D06VUD,46
ERN2DN,86
TQ3DJT,96
PSHMKD,25
6ZCQ5U,1
SV653T,13
NLPZW1,63
6IZRBO,82
KDD7O0,80
MKOTYF,94
8QZA0U,71
9S2E4V,60
PO2UDC,24
DD0198,1
HB5FPP,2
R4Y7Z6,37
C4PR8G,30
QDUXDT,12
HQGYAP,75
NR1YWA,77
Q39AD0,19
IE2NUU,34
GNVCXJ,20
YB0K43,79
CVA21B,100
IY90FP,36
8VSWP2,39
DKK0UW,49
4U9DU6,66
QHQU0O,62
MD337H,19
PGQSL2,1
DQ9GFP,1
HOBSJG,6
2K2548,74
BSNSQ7,8
8IVAW9,96
Z59FTT,43
RYDH6O,24
PNUMAM,98
FE27PT,39
B4M5IZ,36
KN48TL,92
R29HUR,19
0OX1RA,44
R7ECLT,68
89TUJO,42
I0GMN4,88
Y7JM6P,28
YHIIMR,19
FX77NY,38
8P1X4N,29
S3PN32,38
0U8QVQ,84
V3F348,81
8JH0W2,52
HLCHL1,46
L9IU42,52
HN5OWR,98
D0BWI3,84
URFF77,81
QBLGMZ,85
7CARJX,34
M6FTW0,27
OHOI6R,26
3HNTSU,28
UKNFI0,72
SUVRZ2,98
23BR3K,46
ZS2A5M,79
UPQPJM,45
2R7VPC,62
E0Q02C,83
9Y4LOU,63
6RK8RL,78
0FGRSE,62
4B2FYV,31
X6XIV4,27
AR0GJQ,100
SIFFMW,25
MZ4NLY,75
98A5M7,13
3QKZ0M,52
WBEKE7,4
60L2BZ,9
RJOAF9,31
DA4AH4,15
S4BJHZ,79
T1TY5S,66
GQOOOB,56
ZBC8YG,29
V6OIHN,64
INL86Y,32
VWAL6S,41
XTHOQY,13
V23K64,24
NIDK2H,15
IWLSY2,34
C62TI1,15
ZY9IW9,5
5C5YYR,70
6KATNS,29
ZS738G,11
JRSAVL,89
TFYVSQ,87
RRNZPK,25
2PNJIA,24
5K5GCZ,82
8YMA80,1
HYVRK0,60
I0KSRJ,94
QI96NI,16
L243OW,83
HT2BS6,97
IN3UJ4,19
POA8N8,45
M2HY6C,55
8UQOFF,5
RCLMZS,52
KVXAG5,54
H3XAFI,76
9BT1OI,47
S0NMRS,64
AJ99T3,31
3SIXMW,95
6Y016A,43
0RB6OI,9
5J25JJ,100
F87NNM,59
MZGE09,7
OJFF03,29
58QHT2,46
H5I8C2,93
4EWT5L,23
RCCL05,86
0ZXPTR,80
O2BLZC,62
9LUOPL,42
7K76PZ,95
57ZYB1,81
VGBCDB,71
M6JOB8,99
8AXROL,26
HB73T1,49
4R685X,49
4HF1UV,41
JNKWVD,97
SCOI8C,18
2Z583W,21
Z1I35M,65
PQYFRN,16
OFDHY3,93
70RO2V,6
FMYFOJ,93
VZPXPE,20
FGIMDQ,63
GYFTSN,71
IJ1149,79
CU49G4,29
1WXU9A,73
TZ1T8X,82
GF9SH4,53
8C0ZGV,77
AC9USI,9
5EQSOY,26
VP25UC,23
037VLU,8
0VG5C5,98
41NVZH,17
U5VPSS,19
IA618V,59
AAEYVZ,52
NIYGXD,0
8YKNO5,96
EU2FAD,27
3AXVTY,98
B3LD7Y,65
5BTITV,14
Q7EIPC,29
WTT2Z4,38
KLW1YT,40
ZKIL11,47
FE4Y10,82
O5XCB7,37
LK9H5Q,8
FZIU9Z,4
Z8JU6E,49
NH673E,20
IVM7FC,29
1V6GYP,13
5FCYXC,27
K0RXDD,59
0E8KQA,66
GABIND,9
RMKZYM,46
XD9LHU,23
5QIIY7,92
UV8B9S,94
W4EBYT,16
DH8S05,57
0JNWGE,80
671Q86,29
CZCELU,26
RLIQ6B,79
A9ISEA,89
XFPJJY,62
SZNULU,3
0QEJBF,12
AYOOWC,5
I6QMGQ,16
12ENA0,54
QNF75W,0
3OUYTD,11
V0T727,99
W2ZFVO,34
PIONLW,82
R0QIF7,24
QLLGHR,32
BTV28Y,59
PHKALC,67
9EFLLE,73
EQF365,93
3UWT8A,60
DNDVLW,90
TZGDAL,0
C1CN5N,45
G4JD14,60
TXKICD,77
F2JIXJ,73
O3HTDR,24
24NQUD,14
1Y7BES,10
69VOTK,94
JB4PA7,61
N46Y66,57
89LQ6T,4
NWVWI7,5
8CMJNE,30
2SL4QJ,43
7ZCOE2,55
E3MQK9,0
66ULPR,20
56KNLE,96
EPRPZ9,53
E8DG9W,21
AFLLHA,14
P65VYW,82
E1M0VJ,25
F7XRDU,15
70O5P9,1
3Z0NTN,31
KKDR2R,23
APIAP4,87
V2VYV0,49
AG5VOC,69
5R3XZK,10
X2T6RC,89
GZLEWP,7
STT7DM,58
SYV68K,0
V55D1P,98
AKHC3V,38
JCX16K,10
LMM8SP,79
8YTIFX,70
N0T8FF,36
GIE4DR,4
919KYG,62
XS0JXR,94
2993JZ,46
T7JD86,59
BTS4BF,94
5ESZPM,23
MBV22X,41
UZOS3V,2
MHNSP9,72
0DPQ98,7
UGUOUN,34
JPL1UT,50
ZTF23X,94
LV1UIP,94
DFAJHZ,75
OHIS35,76
OCRF8U,49
J8AG44,94
RYZV1P,19
JEY7CX,41
NFZJOZ,19
CFF98M,10
8SIMUZ,74
Q6PYLV,68
ZV49TD,21
9LC6SB,40
Y767GJ,27
PKBXI5,57
GIJ167,5
AC7QW0,47
50VBOD,25
6GZBGP,84
06PC2D,94
S24LBQ,62
QGFAB5,77
TMTCGI,53
E4RQ19,89
DKAXQD,43
YWHHM7,9
UZ0ZOS,19
765O8K,54
L2EUIK,29
1PBYVL,1
HHMKI1,32
10ZKS4,29
67RGSU,42
SUBABU,75
VJDEUX,99
OCQRI8,35
ZQYJO1,9
LU990L,62
C3PI9X,24
M0GCUY,98
XE7WL3,59
XPYF9J,68
8DHB6C,43
UVOLG3,37
RXE5FX,74
F60P4Z,62
KL8PP6,48
QW9U6N,40
49AH1V,70
NPTC8Z,77
387MNK,88
PUX864,47
NW4HTJ,72
HKFUE4,9
131MD7,53
M0PNQZ,69
475J8C,42
QAMCH7,12
PE1ABR,57
8TCWKL,94
9BLY8R,43
X7DF4V,13
BXVTRM,78
BBC3RS,32
K6GO5Y,43
MGCZ1Z,57
J8YG9I,9
PHUIUP,33
CUD79T,86
134ICO,91
WWL5SN,72
KKUY40,3
SAB7Q3,13
01PJ0U,43
1Y81M1,78
9KAAL5,69
9UXPWW,3
CU20EC,6
2UM0LF,50
4F7Q5U,79
XJSK4D,3
A1I0T6,31
I6YFXD,26
L4W886,53
PXWQUT,74
EQXSO0,27
I4JFQE,46
W2B8SH,54
O33GHU,26
0358TR,96
HZX3NX,83
K7B61W,21
CJ68QL,21
L4L5CJ,42
AA8LFC,80
Q3R12O,76
AT2GFA,2
HL197L,53
60I6XS,3
DHR0PO,36
FZMWBT,97
Y4XIFU,45
JH373Q,35
XDJ9TQ,80
FMT78U,6
G0QFJT,30
VEKP1I,92
FISZV5,50
9QQPW2,85
CAHC6K,49
PJ8E28,53
ZH64TD,82
RX5EHE,65
V6PX4L,74
SXVF92,57
QK7MPK,96
6P3IGE,15
Y0IWVR,74
GHGWE8,94
G3X1Y2,8
XELECU,69
U6H5KD,86
ETUNDH,2
X4NFQD,84
V6LALD,47
SF3BMN,6
ORFFW6,26
4RRI9U,84
XNESCA,44
NKXYS7,6
D5U5NA,67
VUS7AG,83
GEX4RZ,84
2MI2MR,40
2H6P55,94
3XMI6N,90
6A6X9H,85
U7FA4Y,45
9YPY45,34
N5360P,1
T8QNTS,57
Z6952H,56
4Z3MMB,57
6QMYAP,39
JN1623,27
BBIPRU,61
MOEA75,96
GOFY8B,55
16UABN,30
2VAX5L,53
LE588Z,77
EIV5KV,99
B68SO3,17
DA5UAI,47
8T6DQU,65
OHRQB4,48
L3TFCT,91
E8RCX5,71
IL0339,49
G66LED,74
KT37AM,33
WG4MVY,43
5LT6VC,7
SVZI5J,47
RFL07I,84
HO7NJO,44
K8OCTX,47
Y3DT43,16
RYQKKY,28
PVVX2I,73
BZMNXF,21
CZ53BS,97
XFLDGV,4
2REJGW,20
NKW968,27
COU0H4,56
P6N1PW,1
6F1D1M,65
254DYP,87
ZP50GQ,97
U5ZZDC,56
UX4C71,86
K5AGQM,53
L6IFIL,88
M03FPT,46
4J5HA1,31
PJUOA1,32
2XOY3V,10
HRVKYR,58
UBM5KQ,95
M9H18J,26
A184BW,86
JXEX0O,93
QPD7RB,31
LJITZD,60
8MSEJN,76
VBX5T1,82
19DV12,45
PK0AJU,70
ILNBP7,77
YMUEM6,79
2JCYMA,57
W61KC1,18
MOLX2K,30
4KPL28,54
D7EYXL,31
CXGOMT,65
BREUXD,59
4DIYHC,57
G6S0XY,93
UKW2A2,62
S95UAG,44
YB658D,17
1FSP52,1
4NCXDQ,67
PHIN9R,64
T2QK7Y,48
LHKFCU,74
DX7WAU,60
ZDULIS,70
B5W62U,100
2MWFUY,79
Z74G2B,73
WY7WG1,51
DZMRA1,48
KAC93J,33
1LB86J,98
JNJ3WN,88
3LZRZY,66
36I7PR,31
X8O1VI,61
CX20RQ,1
Z4DJ6W,87
C0AGFO,97
8F2LLI,38
K2Z728,25
71SR1N,54
12TNLF,50
99FQQ7,45
3CDNYK,2
5XLETR,28
5WH7YE,99
3DHD6O,97
UID5Q1,9
8L7QD8,95
VQ4FXW,83
3O1DB6,25
J8LFM4,55
7ZL7PC,37
5K9DG6,44
60PHJQ,24
IU15T7,68
W37K8T,61
TPXKQW,94
104V2G,54
NNSZ9L,39
K2JJ9Y,9
WPSIOI,14
I4AP3B,15
JLVRFY,62
N6ZVXR,59
3C297L,44
GTR4VR,95
3VM21B,4
2G6Y7C,33
MRLMZE,25
SMUS3V,30
XOSKVY,22
T6DHY7,25
KMDEM4,95
9QMPTJ,63
BQDI51,32
0BG8TV,62
PSPPYH,7
R0E0VO,27
MPQFS7,5
U3XTPD,40
0MYB5Q,96
PHN2PR,91
AQQ8SJ,78
5CVUKZ,39
TQS2SX,57
KU9C7C,90
GG998Z,70
9JGV3C,78
5TMZNY,43
2UFTDO,70
WRCZ1M,83
QTTNYN,56
FZH7UJ,85
EGTC8X,87
KG2LZW,3
W6HA6I,60
P7R2ZU,21
1V8B1T,97
37IIQ8,12
2B2CPT,41
T38FWM,95
Q28ZZR,12
IYKUS1,91
07BJH0,51
3CS9S8,60
YOGJ64,75
XK2MXM,45
QHOZTX,91
8CN1NF,75
JETIAP,60
1WD2GO,100
STD8GC,31
W49KYT,80
F6FC34,3
755DGE,78
2TWBCE,30
LAPA0K,15
1IN4TF,55
ZHAE2C,3
5EW53S,47
AJ9B0M,93
7BXJTD,97
WYY0LM,40
CPZFFE,73
ZR6I62,97
G3254T,18
RIPJVD,96
K4T9S8,20
AKPU7L,39
ZLH58O,82
4WHZIG,83
79D7KA,51
VOEP0S,18
D44E1C,31
WU4KNU,53
XYMOGO,98
2KHHGA,75
ZY5ZLM,15
FCX20U,79
PU9LST,48
X97QQR,93
ZWYP71,99
20H918,71
H1PGW8,2
U1TAR1,51
N7RBLF,59
AP7QRE,94
WUD2RM,77
3LW3JS,67
5JBGR5,77
GJ5AI6,18
3HBTTN,97
Z7CMTT,71
1LWD2P,34
28EIMW,71
4E5ZRR,12
F1A7O2,99
Q8OJI7,79
ZIK2JX,38
LBML9M,15
FYGTYD,57
59UV5N,10
AL766H,42
FFT23X,12
LPH8J7,46
DP8PNA,48
PRR09E,7
DXFW9N,46
FFQIU1,27
1QUHK6,33
0DHTE7,31
60TYU8,98
7578F3,95
QSK590,69
1F2V7Y,2
XDND47,89
7OS1TF,28
JJ09IW,10
42N2L7,56
AQWGMA,63
464IJZ,87
YC2HVA,8
FNDLRB,78
P65ZBD,34
5SWNGS,69
6NXMUM,82
PXO354,8
FREGCG,67
RPM88H,20
9FH5L4,25
CU91ZD,36
FTIRRT,26
FZBWH2,84
EAGWLZ,4
DMYXBL,56
8GZUKW,74
QQKGOM,100
45B8K0,3
4RCLB0,50
1RHPJI,43
1VSL92,63
POUTZA,6
14TLBL,24
7CS9KD,50
QO7JSP,60
9YVVR0,44
9V90C2,93
4SCKZK,7
TWRPTQ,76
Z08JFY,64
XLK099,39
VAWHV8,78
G5KH8X,53
BK7VMR,84
GA7IRN,90
RTKKGA,88
21J531,100
LIL0G8,13
RB876T,14
BTNV8V,94
46B3TX,94
7JFW1C,53
SHPAE3,22
BOUZKR,44
F094AZ,62
IYM84T,13
XVRQTR,24
3U4B8D,34
GRGUKF,57
V78C1L,44
KQFFYW,98
LYKRBE,74
HCHCN0,84
4QTBNK,58
QPO4B3,49
79A308,52
PZD5P1,27
3DCE2S,24
DZ3GA6,48
GXN5BM,19
ID9SWF,68
ATMX1L,89
F0PVHF,76
LZSIT7,62
FTONNE,27
372XTD,39
TUO0UR,49
ED8AJ3,6
H1DF94,3
GPMXU8,84
XFYCLU,40
UH7X7I,21
7YYDV1,87
24NWW3,40
5POY9K,14
WCGH29,88
E15OG9,50
1W7J7S,4
875Z5A,49
DI806V,61
PKDLQ7,92
0A6N8N,71
OVIHBW,45
H4CWHU,33
NB7J9M,95
C1W3HC,12
J7I18L,11
YO6IV1,79
Y4I2BW,39
V57K5M,11
C5BRZ2,9
IJJ92F,97
PMP6HE,73
7274HX,97
QZQA4G,54
2XPAQV,56
018GMU,1
7KUZW4,49
LE6H7L,27
TYNOQ0,86
0Q0BQU,53
XIJGRY,14
2A77EF,97
YZA8LD,50
C1YXW8,13
KZSXWR,54
BHUIQZ,35
OFJLSC,30
DVOC87,51
HHDGCH,8
XHIWJV,94
DRAIF4,42
HJ8JUU,0
8YPMZM,93
XE9H0M,75
4EK59K,58
IAH9X4,46
ZRZG3O,87
AGQK98,92
BGCFW2,77
RSMDU5,6
PBPUB9,63
Q3GZ0D,12
QDDDCB,74
X2LBLB,97
5EK3WI,87
7WKQ1E,92
N5ON4H,62
AXWN2U,76
D1LGN6,3
498V3A,26
I9J6LH,47
3CST8O,14
WN67SX,81
6ZMEB6,41
XDU51C,97
Y5HB2D,54
7GLS20,47
N2GAYL,76
6W50E6,11
2NL42G,78
SMIKQJ,93
UYXZ0L,6
ZR72QT,100
SZ10PU,78
3QV2FP,13
C35AQK,0
ORKUH6,95
AMTWUU,81
00122F,26
DF4LZF,15
GVPOIQ,66
DGFCGO,13
5ZBQ03,31
WTTBGR,18
V6VEM0,16
HV1WZ3,67
0I0OPF,82
5WPE99,23
LYJZ37,7
SJ4U4I,6
5HLPIO,63
6KBA7V,65
9LYT37,97
6C87YP,53
4WFKNN,8
UXIDVY,100
SX35FU,85
RXXIXY,9
QA3O7J,86
SG7AMI,81
PEOJVV,58
NIHTQW,9
R5I6M7,20
U8UXAM,42
FVG2GZ,51
HASC0R,33
BFG0MJ,49
CE35IT,85
R0YGI7,50
0KXM08,35
3Z9LOF,49
VZH3Y7,59
3RXJZC,46
LTVTYQ,76
AQS7B4,84
D7OKPA,84
00YAO8,89
6XYBXB,40
WP1AQO,21
OSU43U,63
CWSIH3,59
K24364,38
FWDWBX,66
E2ZTEN,53
8R427U,98
S0BPZX,15
QEXQCF,33
NSQ6YZ,8
R1IO8P,1
HBRAOG,33
K74M4P,54
9J08OL,51
SUZPAY,1
ZP65RC,20
YZTWYC,100
9L6O7L,100
IZTXL0,64
NZJDRN,100
JZ98BZ,52
XPVRT9,26
F6M5RR,95
A6UNYM,83
LWBRCI,69
IQPRNS,50
629MYW,79
1M4GSI,23
AAT7YQ,42
GPULAL,23
6DHE98,26
QO6VVU,82
GV7SNT,16
LG9RCT,33
6BKH4G,68
UDESMJ,39
XEKJBA,38
W2NN0Z,25
PFBOXR,69
TTFXRV,42
RYN15F,18
PL95ST,4
RZ5HR3,92
DAMIF0,68
1CGWQV,52
8GOWOQ,50
1UTCY6,51
VSG0PY,99
V7R37B,21
Q80E59,85
T7AIQ6,75
Q8WJ5Y,80
TYUWZL,52
YRPEZ9,54
ICW5OS,60
49FDA6,3
KBEAZM,66
KT60RN,79
SAABCE,0
ZGODPT,37
3TK9W9,39
4GV3FE,12
Z99ME6,29
JOWONE,95
CXRH00,29
ETHL1J,16
Z916SH,21
3WGEZX,1
96EIFD,77
MBUKQR,68
RIDF8J,44
GK59LW,97
SVXF9U,95
G7IXMF,36
ZDN576,84
4X9CQL,4
GZ6Y7V,22
8ZF3WB,69
YHKEPX,73
M9G8BR,76
N97X8I,26
DFRIPJ,12
RM191S,83
4D0OGG,41
8VI8SI,97
E0SHSV,57
THTEID,29
YI99KS,69
FMKLDY,7
J34XV1,58
TRXFXF,14
3XKE1B,0
BGYNH2,3
29XWCT,9
8XSOYL,18
4JEOQT,0
B82LL8,43
DPR3F1,19
27YVNY,20
8610L3,6
MFMMGP,56
E6E496,77
H4PIDW,44
Q0YEDF,92
ZUEBBE,32
CTYMCT,11
FWFYP4,89
1S6A8Q,57
WSCVWU,6
DDNH0P,58
SEGR0O,6
EY0DG8,97
HA0HHN,59
6EW951,28
QNK4UT,99
BS15GX,0
O8BS50,17
5KVXL0,47
T1N3TY,52
53JDNM,7
ESO8G6,95
2UTS7Z,83
U53LUF,4
5HD8O6,74
FMRUZH,38
LIL8ND,55
SX6BGL,88
0K3J33,0
LJDJ2J,75
IGEVOI,76
ITYH6U,71
EJHXAB,20
C961UI,41
S23J7E,29
Q09GCO,70
YILAU5,75
5UTJBP,100
LVNYY9,2
DDYZKE,1
VMVS2F,64
B6JC2T,60
86G1FD,25
4ADN1M,72
WPVEON,25
I7DBGX,27
72V2P1,86
0K1W2G,6
NVYXQY,15
J4WDUW,57
57B0S1,61
JFRP43,12
WBMI59,85
1UE7O0,92
2AVDRK,18
UW1RHD,23
PZAZIG,65
4BKO0M,94
4BUCRF,43
UG6AIN,20
A0I9V6,90
4NFPK1,100
43QYD8,79
860MH3,50
ZBSAY2,51
PMQIAO,16
DSL8SK,29
RFC0IC,64
UILI4J,81
BMQPWE,31
2K8U6O,37
2SCUS5,71
DDOR2A,81
10UWO2,48
U8454Z,89
TAYUP8,78
GLGBBQ,64
M871R0,39
WP3EFB,10
TX29UQ,19
J0L52X,13
L9RIJY,38
OXBLK6,52
EF7IVF,12
OWVNJM,93
DAS4VI,22
IORFI0,37
BZ0VOX,40
8QCFPH,35
6C0N0A,6
FC7N5V,8
5OQTF7,34
KIYQR8,97
N21RS9,99
I6TXY5,89
ZZYXJH,35
5FSPM3,87
5HEFZB,63
CQP41C,52
NAZDT7,64
YF7XAN,30
3OS8ZS,0
TA8GOK,13
4IFLCV,50
6ZAPV0,29
XHLADZ,33
F269MR,61
WFPRQH,80
KNANCU,21
K4S63H,26
3YZVCN,57
L5FVAP,44
8FJRM3,35
MXSZKR,86
BA39WD,35
WH0RZK,49
BML0CX,8
Y1D36E,72
Z9TJS4,65
06U5Z7,15
GO2CZR,44
21QB8B,98
LVMGMP,6
3DU85H,4
6IA2DR,93
CTKJ11,11
YVD0EJ,56
Y1H4HG,54
RJT56A,78
VLUVAY,55
VDJFUB,59
KJT2AZ,93
JO2F5P,38
953MJY,56
8P8CMF,33
N6IP5W,51
DTJFJ6,76
E6NJEZ,85
PH0894,63
716V6Q,67
9U6S0D,16
WAZUEY,6
AJQPV5,96
0EEVRQ,75
NI65JY,76
XVGCLO,70
YRHUV7,13
XALHAR,55
P1CQJT,20
HTZ8TK,54
MWC0UC,52
KGC0AC,44
N3QGPH,61
P4CH6K,45
FK496C,25
YMGXOW,51
7M9K3L,40
L0SMQJ,72
SVHB8D,95
PX259Y,98
56AH1W,92
DOPQJ7,29
89W6JD,13
IE30BV,30
H3WCXN,80
5E5JME,83
8E9MTW,15
VY59C3,65
FE0LOD,10
J09TEO,71
YSVVIA,20
U79KAP,89
KC1R3R,20
X1SXO2,85
Z46YQY,33
9HEBCT,36
MGI9UL,96
CD7J3R,16
JKIXKR,61
8THFYV,32
DOE4VZ,75
EVIDMO,52
FNVBRS,41
BELU5G,65
ZMRL0E,82
39H2DO,81
FEK2P8,72
X0OU5V,97
5X5MS3,99
LO7V9P,17
81OD55,9
HBK9B2,12
N26460,45
0GGEB4,83
L4EL63,43
V1ZZNY,16
I4GZ4L,31
E3ZVFR,12
DSTVMC,74
7H8BZ6,26
FEY1UI,77
08E0QF,83
LLILO0,75
CK20CQ,39
UG9A2Z,29
3F5420,65
1BYAGO,68
2BZXRN,18
RN86F0,65
99EILS,64
LEZIR2,47
02UKA3,2
N9EIW4,15
QCEIJS,2
98BO74,21
J9G9Y0,13
EFCYF7,54
M3M7JM,24
JXU4MJ,68
RA7HTP,89
8DDJDV,6
VHIWD4,100
BL3CW7,77
1XG9QT,0
TLXOP5,32
KIY80C,76
7BTFTB,67
BCOWNW,57
783RCB,14
2735UW,15
3TM6ZB,15
XNDZEW,3
2YCXZL,90
RV4WN7,19
NSUO2O,14
8VUBIJ,43
AHW79P,2
O2EHI0,73
ZUCVOH,31
5PAUZD,79
NP7CUC,74
S1KX2K,86
SQJN6N,91
DLUOC7,87
NAGP5G,68
SDCHBD,39
IP68H2,76
NPTU83,38
PMZFFD,73
XUW9L4,15
6NUY4G,62
V7QH69,15
KA15IV,68
PQU96G,94
F8DWT2,96
U2ADDK,75
O7NF2N,61
ALPYAV,66
4WJFSC,5
JO5D9M,22
1GYHJA,65
WE1BW7,49
PDETJB,91
VEIVSK,76
2IAVQK,82
J0PLBW,75
XYSGR3,37
SAWW92,3
3YHX6E,58
C3OH6M,54
HI5SR7,79
AZ9LS0,35
GXJUEM,5
PNJ30S,55
ZICXJ0,53
83Z3SA,4
00QJFU,71
9B0PMY,81
4ZWMY9,7
5EHZ33,18
UF6AXP,21
WYBCNG,26
8LQ4AH,43
S7LNMC,33
3B3UJC,15
X6K1H8,10
ZEP0G2,96
S5GE0Z,55
5Z9CGM,29
VYD7CT,46
16QCYG,63
80UYM6,53
6SM957,55
ZKRRJ5,77
BWG7TJ,13
C2SHNM,93
EK41C7,26
DJP3UC,89
09QW7P,93
S94GJU,39
YBSJDB,77
T838IV,21
3BFB9Q,91
SDILIF,32
57CHJJ,9
PITBQQ,100
QH80PJ,3
HK0DBR,46
9B5BLT,34
IOPU5P,69
4FNY1Y,47
HBCYHO,59
KNI9PN,86
XER6X8,1
DICUV7,33
3QK4F5,83
ZO4IV6,59
QY9OO3,39
8YXVFL,5
YWBSXM,36
LM5LV1,55
10D87T,20
XI54JS,55
XD79KT,90
43UMDV,1
G6B00P,67
7ELAII,57
8Z2TMI,96
29VUIM,58
QIFKO3,12
BOINEW,28
F4AS0Y,78
5L3U6P,41
4Y0NO2,91
41FJB2,58
R4C6FX,22
4RGYHU,75
WQI2QJ,13
GU3GGQ,29
17U9EZ,66
7QM17K,93
DN6AXH,24
7KZGKS,38
4BVIN8,93
7QP1BB,34
B43CO7,17
7F6XE3,77
JAFBQI,20
99JGPH,23
W3METR,89
Y6XW84,59
EDZ13W,73
WOKDG5,3
F1X2CA,99
YV8TZN,8
D8LGF8,58
DXCZS0,26
MTML8J,84
VHM7QU,95
YSRSN5,79
3BZR38,8
3177GG,77
ALSX93,86
GC2VR7,46
U9AVLP,95
CAW7OQ,42
6X3NUD,39
P8ZCXO,44
3QA79G,39
X9HPMC,23
CXQNVP,51
ZEY8WQ,37
WXOZJE,95
M3LYXE,52
76XR7C,4
9FB6UF,36
ELTU6C,61
V6ZOUW,91
O1BTM2,94
SKKLOL,75
LU8WDI,93
LD5XYY,38
DD3XWK,22
KCHX5Q,19
KNUJ3D,21
LI386O,0
0GRYWL,83
2YA778,34
QHNPPK,49
HVCRP2,86
Z6NFF9,44
X3XW9J,35
DN6AV1,4
0GRMHG,3
HM2O0V,67
M11T5O,83
WDEZ1K,96
Z2KFM3,32
7M95XB,91
DGO29K,32
1VRXPY,61
D340NC,57
SLOBES,86
NDZTDC,17
3XP8HR,15
FINSBL,21
W2K1V3,73
3UHWJC,98
XAKN89,4
PM88WP,25
KRQ01N,56
3IWJHR,62
J620ME,41
6DZXCN,87
0WA9GD,52
1AW1AG,40
820P59,13
ZP3A0W,80
JS81Y1,74
0STF03,8
MBCJFH,83
GSS7KD,10
QGTO8V,95
HM8MVS,99
8XKOFM,73
4QRS07,89
35BB4E,88
EXH4GQ,14
9KL9XU,14
KOL7NG,71
KOC8MS,88
JNHZC9,58
Y1XIII,21
MWB04T,29
DCCH0O,0
ZQRKW7,27
QI3P47,29
X74MSY,12
AX0EIL,28
ZU7MVD,79
MNCH86,17
2EFAM1,98
SFH8EE,93
JVM1BU,29
VVZP0D,47
ZZC3Q0,33
8ZMVBD,50
VCI6ER,50
A0LWOF,81
F919XH,3
EG8G7A,14
804GF2,54
G55FUE,3
GLCFRS,78
705BG8,39
TUUJ9G,34
WAAM1S,94
0717SF,57
3Y948E,75
DCB7SW,63
I267XQ,61
VHOASO,68
5MINPP,30
Z4KB81,59
LMHMYZ,41
JLV3TL,19
57ASLG,36
KN7Y60,29
QHHN3N,49
0PBN11,100
WRXG3H,26
5X33ZD,51
J58N9L,49
YHZXLL,81
78DJ0N,73
NTLNZ8,61
VSG9C7,52
OXQEUK,81
H0I7JJ,25
P465IW,27
FCUH5I,83
EORD2X,23
AK3I99,28
03N2HK,16
HB3LI9,2
JEPZFP,91
BJ1GFW,99
SS5EVT,8
3YRGJQ,88
W50DA4,97
KTLCIM,99
UNLNG6,53
XFIIGH,58
WMICR7,23
OSG8WT,12
SB5UX0,97
4UB9JT,25
8W9QV4,100
FQKJ4P,22
SNU2RV,78
U42HSJ,82
2BHIHD,6
W1A7SI,68
CR8GF4,73
J1N1K0,35
6ASH2X,66
N8KZ6S,74
9FW74F,40
N2HAED,60
WJ2EMA,70
LPAHL9,32
TDL16Q,23
5K88LQ,44
Q1I0D7,53
80ZUKC,61
F15H28,17
Y3AZ7U,48
N2V5YY,33
D4KWQF,14
XMUR1B,11
BUMXUR,48
JF9ECK,37
QYE0LY,30
741D2U,7
4JR13J,58
IXTYMN,25
DQ8Q0H,22
SKY418,13
X8D7SB,5
RAO0NT,82
S3BIXH,25
GKB49J,31
2NORDU,18
5RW75A,52
HAKWD8,24
ELPUM6,77
5R0NQ9,10
TJ5A21,46
NLMVLO,10
VQ3VN6,5
KVNOH8,73
9Z9VHZ,64
TZHX8H,80
CLG9B2,21
OJV54G,1
NN8N2O,10
H911R5,44
W7SHZI,12
Y7RA3P,12
IXVZZE,95
LUINSW,19
I8T7UF,16
SW8K6Z,0
VOVSWF,11
7HC8AH,1
C01KWX,85
PGEJ7K,13
JSD3BV,35
6MGV1X,92
8KNVNS,38
31RK15,66
LRW1ZA,13
DLRMO9,99
G2U315,80
ZJ1NJW,13
8FOUDP,38
MMTLOD,22
577VH0,4
0N5NBR,45
B6OHX6,25
L5VUVN,49
FJZWYM,59
2ASF76,33
4MM8VG,51
9SU285,53
KJIFQW,53
6V6BQ4,57
E21IUN,100
560SWU,92
BZ3LIU,15
RNVD7U,94
B00K0N,69
GNSDPH,33
MR1LZG,56
9YG7O5,57
CGB33I,73
ZDEBVI,79
GU9W0I,72
2FDU1U,13
D3AU1W,48
MJ9ERE,94
EC2ZA3,95
ZV8B48,67
OW803O,33
248J1S,66
WRDNBI,54
TD3H4B,83
V16XYL,94
BS5UFG,6
BLPQJ1,27
1LM6TZ,54
ACZT2O,59
0CP89Q,83
EPQQD1,59
FF0ZRV,97
8KRA7D,83
JD8S9H,65
5K3ILW,8
5DGWO6,90
NGPYES,28
JBCF6E,96
9WCKTX,95
HWJNCW,57
LW0144,9
O39KSD,89
U8RXRN,51
89J0KW,6
VBPX48,39
CR4F1H,90
OB1EOJ,1
C68K3P,54
CDN634,3
3TEJI9,86
PT7OJ3,100
7GRB5K,39
7YO0C5,23
FGFO40,95
7CXS9M,40
GPTNQN,70
G7EBA4,89
7JPKZJ,100
I8O5IE,72
NQRVYW,47
OM79GG,35
7TC0L5,10
8YA7KZ,13
TK05M3,12
K9H35R,60
E7H2WY,20
QBD1J3,76
RVU4EQ,32
F2P1V7,79
OBURZS,74
3IYYSY,7
CHG1LA,79
TCAFOR,73
JEYS91,76
R5Q18Y,52
CO2PGD,35
D541E8,50
RANV81,6
TO1KIZ,82
5PFQOD,53
OSXDRF,61
JUV901,46
N3B84C,31
NA2UTR,56
U0EJIA,44
K4VMYO,98
C2TEVQ,83
X9L5OU,66
13TWEK,0
11PK6Z,95
IJJADR,55
53SHYK,96
HUYK2J,48
LEQAFY,73
91O2H0,41
J5BKJ5,61
FRLA4K,75
KWNYG8,14
OTNM5Y,57
NUTA6P,37
SXSXO0,81
80X0SI,79
RL5EJY,59
H3EV59,6
WZ8HO0,52
7L8A3P,99
31R1H7,29
5Y12XQ,96
YD0ZWE,54
RYD9Y1,35
PJBL84,74
JJYDDI,7
5GG8AO,46
EGHSED,55
P9I1KR,100
HNXFPR,44
U67AFX,1
6UCSOX,29
3EHR4R,69
5V0R91,20
Q5JT7C,35
KUJPDT,4
PFXTWU,30
Q7PEQ7,88
NGDYBL,5
5GIANB,54
P8538M,90
97GBI2,11
I82JXY,86
HSQ35C,20
FKN1U6,90
07Y7T0,73
SN0QA5,40
GQ2Y62,85
W816G6,2
9URERG,5
FR8T11,62
SKWR6V,41
V1H7BI,3
O8QV70,75
WOYMQY,85
6H85B5,26
INC4EK,79
45K8L6,71
JNNG7G,16
SBXIOC,69
Q91KFZ,14
K4VTQE,24
SWKLVO,66
HVADU2,37
VIGQQA,83
T5QKCW,61
8C809W,57
MGJ8H4,73
O9YSLN,80
ZANZ2Y,59
6RX89Q,14
VUN6HX,18
W4DWJE,58
LIUFFU,29
1UISJP,86
SRGDKP,90
SN1R0N,57
2RU8AR,20
WSJTML,92
NYEM5C,40
XLMIIZ,45
AA35QO,99
ON0OLG,69
46S764,46
3OVT30,53
LBH8JG,77
A5TS88,36
DSZHAS,6
7MCDR7,49
AJQ9GA,41
9BU1CP,7
ZOLAH8,68
XDC5WM,51
U7CIGE,43
1H12W8,85
2L6JGG,63
YBUZVW,87
O3NUOF,38
9P7TJG,93
F4H80G,11
KP9I8G,66
PSUO4K,79
UQ7J7B,1
R3ISNP,53
PNRKHX,65
PPLHEL,5
BS6QKB,23
CX76BZ,51
ZCIU2X,69
QRS6R6,33
Y8ZYFL,69
MLTVM8,98
EO5XIU,6
NSYXP9,20
WPDSWI,57
B5APCI,80
2E31NI,20
89B6IC,90
GWPOI5,85
GBEFNJ,41
J3ZUGZ,60
72QCD9,78
578PZM,94
20ZORT,83
7RWYA4,18
P6P4BI,11
BZBXVG,33
QZFDAH,12
XAURHT,56
K47BRE,59
6FYTZD,82
N3394F,20
HFOAYN,94
EN0SAG,62
J9QNS0,18
R30MU6,60
Y9BEBF,75
BCSOMG,96
C452W5,25
FXKSQU,22
IH6YQJ,20
J1VXU0,53
BCTIM8,93
W7111M,98
V1L0FY,77
ZT46T5,8
6EVMR2,46
8XGR7I,84
5XKUZ7,26
7P0Y3J,85
NSZR3I,11
4PH3FR,43
C211SP,65
E978N6,39
WV5XI5,7
1U8LBX,63
340UH0,58
R30VBU,51
W359W7,0
XHEOZK,84
7O5N4H,80
KYP2AE,56
5AGIHS,64
A3ECCH,30
MDH6DA,96
E34WUC,21
UH3ACZ,10
9AHS7Z,97
0CSAJZ,68
BCTCH8,45
PH6QLN,78
G42CNH,41
MAKMVS,93
WQ4MGJ,14
TZLPIN,13
39H3S3,13
YLPNNH,93
HR66PF,84
ICD9C0,76
GONMDR,44
YDKA6O,11
NK0SU3,40
HSVFN3,79
VBYIU5,11
BC4P8J,56
TH81PC,99
RKFIQQ,54
MFI4LS,0
8W80DQ,63
QE6V71,54
3IWB9Y,17
IR1C78,34
B9IHCA,63
IYM7SJ,69
K1I170,10
SV3F6X,90
0QDMGG,35
QL5FO6,11
3KTTM0,80
FVGCZ0,8
GH43LB,76
CBTSE6,24
FBHH8F,25
H2V952,51
U1UKRM,35
BX731A,62
6GMY8E,46
VD0R5Y,41
ILPH7W,9
DE6FJR,51
EYVURR,96
TEM6T3,88
ROYOFP,41
M0NPPJ,95
RHUYJ7,18
PMHWMS,38
UDFV6S,28
88XAX4,95
LUF41W,66
5BC0JF,91
HRV3BM,66
HQV5E6,83
ON4RZ4,3
SXP2BH,29
J4YJOU,52
9LL41C,69
B6V4N6,73
3E13S4,69
UM7W0V,86
ON3GBT,50
FH84VE,88
95RN4G,40
365XVO,45
THDX45,20
2LQD0V,46
GXRCHC,81
6PB9J4,32
8PIN0N,3
J6CPM3,16
NX6QEQ,93
7VVSLX,15
EC58JE,12
6KYMKB,75
0GH9PJ,50
NLHYIU,42
5MTS9A,35
8D8SFB,75
TAZ087,93
6K7GOJ,43
21IYMU,16
F419JL,0
55O561,18
E6AFUT,43
6CTFV9,49
7Y0Q02,72
P6A7QA,65
1PNHZS,36
9MWFYA,2
KY35ES,59
VDBVS3,62
UE415T,32
1Z1R6P,95
P8AOED,0
FFBI5U,62
J8QMUC,40
HXE996,37
9OZ323,34
Q2K3ZC,53
TQ6YTL,6
61EN6Y,26
8QNX5V,66
4IVW50,49
MDX3LD,64
984EAH,40
7EDMFK,47
0H2ZGU,94
O0WU6H,49
BRNHGO,34
LNRB88,84
KDC8FH,22
067FBT,0
EQVCRG,72
E3MPGC,5
FAQ3CR,61
9O0JW2,25
JPS3CL,71
6QB40Y,71
LOOZA7,61
0W5Q09,25
T93S5E,36
O2HQ0Y,94
VUY2QZ,72
U7E212,85
3ENUXJ,35
KVWPEU,56
1T6WZ0,55
2XREPE,0
ZNCOR3,33
0MF4F0,49
FUPXIZ,98
ULW0FU,1
GM2JHZ,48
KGIXMD,89
1CDJMZ,92
5GF5RG,41
X8OWVQ,78
XOD2TL,18
BRM92V,90
UAVF5F,46
PSZ99X,49
HKK6Q7,63
DJW4PI,4
B00LP4,67
DGNL9Z,84
KZ98LM,3
FP0X5Q,46
PZZLV1,40
UL54CK,29
VYYTGJ,11
2VVRPZ,66
0NT72F,37
S2FBF5,29
P7S67I,55
221WFE,79
007GCQ,49
JCVFJ4,74
WQJ1RT,81
KL8T9Y,47
UY30KQ,77
IUPT6F,55
BO1EVO,49
J8CCUU,17
5W8ABO,14
MRC6RA,30
6QUIUG,19
141CYR,47
KTO1JI,79
ZNXL0B,27
W5ZA3U,15
MOG1S2,51
PQPZFT,31
RWT5U1,32
LML511,88
X0Q15F,68
9A9BKA,12
TSTXYB,24
T05NLO,4
W9VOCK,57
VED1OV,10
O1DT5V,72
GHJBNM,10
Z9NVWQ,89
XI8UU3,82
7UP7LZ,21
9D7VCI,36
GNDR14,4
HM1PFP,63
2IU7WO,18
J2LLNZ,82
2UZDIO,17
4E8I9U,32
KYXX5P,74
IZRP5F,41
SYYWP3,41
UIE54B,91
5UYP19,100
Q7SNED,39
TY6ERH,11
M08WC6,26
P7EF71,53
Q79CU6,28
FTEBB9,36
E8PPK1,92
ID9QGR,69
900C44,1
6SQ5OY,69
LXRVRK,30
VYKCBW,60
BE4E5Y,38
TUV8FM,35
OZBO9F,80
YNX9NP,79
YHHKA8,99
IFWV3K,79
6JKRVB,100
N7SPC6,68
QC6UJX,53
O1HCWR,64
NP8QVF,34
JZ498V,70
GLLLAI,14
OW3SRU,76
T6JM4N,18
R89RAP,58
DSMDFF,53
QMLRE2,84
QP18QG,78
L00S8M,77
29CHE0,39
DXKJ53,22
QY2EOY,99
YFTA6V,93
QIXWSF,3
5AYPNA,19
VJM16E,28
JO7EQ8,39
YUM55K,28
MZ73L1,81
MKIIHG,13
AOHMUR,100
UW2FOU,67
0UAD5V,58
ENGJZF,50
5BLF2T,86
0OFUSM,22
9YQASP,29
Q52WOD,54
49GPJN,44
426C7B,78
U7TWPR,19
MMIFLU,57
1QRMVQ,71
F862L6,27
A9RTHM,40
NU3BBU,34
AI8ENY,40
A8LB6U,28
U013XG,14
M48PGH,70
U42UR6,55
TC4RYS,72
UKGD0P,75
UGAG5W,5
MC0614,8
W9SC64,89
DNE281,23
978B9R,66
A40Z3D,0
CGFPZE,18
6ZWZ26,78
677I8L,92
WI4C34,53
DTX3I4,59
K2IOGU,18
X1GUEM,84
WFL53F,34
GK9V56,90
H1B9D9,97
ZT2MIE,0
TOA43V,50
GFPV83,64
PUVZPG,2
LEM8H3,89
Z0OWQR,95
P0VJQD,3
53RKM6,59
3WSX9F,64
ENHUDF,13
71LB3X,45
JJT8ZP,28
VOLINV,13
5VJBXU,53
AVPKG0,64
2L1F6S,13
6Q7AIN,27
TN2U59,97
PZAEYG,90
4B0G25,56
O7PPPQ,91
Q0EEP4,11
PCEBIK,55
WTT35F,58
MDD2AV,70
H4EH0E,1
VSDHHD,64
NOFVBB,39
T7HNLR,12
U2JBTE,85
JSKGX4,76
USPRLT,55
R99BPH,87
OQITE4,42
ZPPVOO,26
21ZOYJ,24
27B66L,52
D7XWO5,64
691HB1,34
OM3UFS,39
B3YDLT,56
E1N4LW,96
5LVTRC,13
9JTJD4,32
D9CFPB,3
Z2DVG6,14
RS1E54,44
OB1EIE,54
77OZCI,53
H0HMBU,96
895VT9,5
OFOHS8,31
WKSVCB,15
P9V6GP,53
76RVPA,57
3ND4IE,98
3C0HG8,56
YU7HUO,71
M4J5B6,22
BD98NO,100
8RUKA9,16
7KNWEW,81
Q42FGR,46
QHZVKA,0
5QOQC3,5
3P8MZA,50
GUH3H5,14
63J0A7,42
OR2G20,1
OP5GLC,20
HNRP3U,34
QWPSE9,50
LX9N4Q,48
QL74LZ,37
JIXPNC,81
Z7ZRQU,55
DTJEYL,75
8RVKBD,20
JSIVTL,88
QXP32S,9
TKPIDY,16
HNKFDW,38
RJNJCI,10
1ZQ3EL,27
AMK6A5,18
DI7D84,79
CEU8LY,6
GK697D,93
W9WA5Y,37
ESXJVW,59
NW7O8P,11
VQSV31,85
E2FEZ8,64
YTMCD1,98
T2JP81,21
S58EMN,79
90LN2E,84
1XKL3X,70
P7HXFZ,6
M3QW3G,72
STSTOI,98
KRAPU6,40
EC420W,3
OXYICP,34
MJ15MY,41
8ZO0XK,25
2Z3DGK,34
VIG3RA,50
RBLHC6,27
DGBRWD,1
VAHIBZ,65
09EPY2,59
TPA9GY,64
1B722B,6
0ZQ4KH,89
F7H4TD,74
2QLA89,59
46CXXT,27
FSAH6B,95
6RE3NY,93
1SP7WX,53
J4TQND,75
4WR6O3,66
A3F58D,64
7XZFCJ,76
EVOCRZ,29
HAL6BL,92
EJV6F4,0
RKWQK7,19
NV8BQK,57
GOK0LX,38
U3JZOC,10
XEJIOU,32
L35QVG,54
3JGQBS,0
5VT6OF,15
KUSW3X,94
O8DF4K,91
07DGWT,21
CTIJQF,24
J003FB,86
WPRJ1E,40
5D266S,46
Y84BWK,38
WZX0V1,19
WDA84J,4
2DESSI,98
YECLNH,41
EC8VDY,63
AC5CH2,9
LLIL17,31
CQWJY4,52
IF6KN3,87
6FXSEO,81
0WUIID,12
FX8TMT,88
QUBB9N,72
B6L3SG,53
IN9VU4,63
23EC6T,99
TV3EKP,0
EDCPE4,32
RB1LXK,90
S72Y0A,94
MMWTXH,41
J8XJLS,82
0P1L9R,47
RDLTNP,88
EJ1QX3,21
CAFM81,79
MV7S70,37
BE6SHA,44
RRIR65,91
YTVDMX,82
1JTGKN,56
ISUN55,30
A2TNKQ,2
DRA61Z,40
5K5FKR,4
KLJVNB,54
PEV3RJ,76
UZ5M2E,23
8U9VZG,37
86VNQU,73
5F0VE0,81
6ZZDWS,86
L9XY3P,53
UHVAOE,67
V1TC3E,45
IOUQLA,67
TPEDAH,30
AMXTXL,22
IK75PA,39
8W3B4W,15
0CI451,98
XM6ADI,38
NP6Z5S,50
1SR7UC,3
HBC16R,62
0B2PR8,57
AIHT30,20
WXNP3P,51
9N3FBZ,8
6FDG0M,26
GJPV4K,87
OQX12J,78
599E16,50
VQU8GN,4
YKYCR2,94
FHL5K6,13
B9B2RE,67
T6SYUB,32
8W05J2,63
GZRCQS,67
STWWHV,54
8MZVE8,6
ZVI2F4,61
GARZ10,19
48J7LJ,28
KRXY7T,14
YTLQ4Y,49
RDQMG2,10
H6PZYF,2
U3O1B4,81
DN1FCR,64
QP4SUK,19
7FDE8M,14
SLD4YI,22
CKVREG,1
SWYNK2,0
W6UWE1,86
MSZKFC,68
AWD7F7,92
87A2GJ,17
7NK8J0,27
NRTMPY,34
R0LEYO,87
C9NW1J,10
ZMKGQ9,41
689UH6,26
693Y7Y,12
OZZ28V,47
Z6WOYX,25
Y5ZCBX,13
Z3SM8B,18
B9BCQW,35
NGLNVQ,68
JFVBB4,95
BXDKRB,63
5RMVY2,9
CJZFVV,11
6XJXAO,48
S6XD9C,95
0NZZX9,94
KSGWCV,34
679JFZ,81
ADZ23I,60
N596VR,48
P33SQC,16
B4JSNA,29
DWW5W7,85
PRHO1M,94
CT2TGP,5
Q9Q0TM,67
5647ZQ,21
Z4FBZJ,12
N1K3RA,64
WFH4C3,60
O1Q92T,100
CT7V4B,38
SMEV0P,24
WM1SLM,57
8XX4J9,33
SFBRBC,66
0LHSJR,38
FHNKFP,22
4PG0DA,51
FIHIQ3,58
GDZ6MT,22
MEQILA,96
CQHYCF,86
XKUF6C,35
W2GO5A,55
3UKJ5Z,60
2M5N87,100
GF4YQE,63
QXGLQS,39
ZJFYXP,2
NQ1C8U,23
JYC10F,80
F1DD3V,100
1VZKL0,97
81005U,31
Z2OREV,58
2XZD8F,41
WUA2MS,75
DSRZ2O,43
38BSS7,98
70L3FH,52
JZSJET,26
GQEZZ4,79
W6VFAF,47
JG3QXP,30
1UO5AU,51
PXGYPK,16
HVU7YC,50
NZ47DV,17
HF5ZQX,39
RBM0HT,54
S7CKU0,9
CZPTCE,66
2TX5YU,2
PPPS17,54
JIEO4C,10
GAN7AP,90
K5Z5RA,93
DME5RD,88
WUI4I8,19
2J89T9,30
XZIH7Q,70
24ZJ2X,31
4783F1,94
YCVJSH,47
46LMJP,10
J19LDM,60
JUNF4K,66
ZKLGIZ,58
1W9U2X,32
UQ0WA7,57
UM0IJT,4
Y7TIBN,73
HNRBQL,33
HUBE5L,46
GPSWTJ,100
DEISDK,9
56R247,0
OY23ZE,84
TLK3QD,98
1F85CO,56
G8GXOZ,20
KPMOP7,89
LPCOMU,71
ZBWC7G,60
VU0BO4,2
ZR07Q6,26
47AKMU,75
O67TEZ,19
ENAHYU,47
Z5YQVO,18
F1FL3J,65
BK54WH,58
GE9M2V,95
R6V1AB,88
RJ4O4G,8
0R1UYR,84
YAFRLH,6
F5CQYM,43
Q2W2CZ,37
DI5X6E,50
6HBZ7W,7
NNVQ4R,25
VILMHI,91
9LG1PZ,85
RJS4UB,70
TJEMJ6,30
ADEY0F,71
W99JCH,4
7C274L,63
3H4F2K,94
NXELV1,29
R496YH,91
UKK8U8,91
E0I10I,41
5ZZJHF,46
XS97L0,32
9JXIQG,80
HE8RRW,25
16TMKM,34
8BK1KG,75
HRTYWS,48
7G4Y44,47
PDS4NL,40
Z2FC4A,20
3K6FYH,82
PHQG2X,83
VICAX8,47
I0TMYP,8
J53A2S,36
DDKJ29,67
9SW658,13
5JTGKR,29
I47CFZ,7
7XRS14,85
425JHH,78
Y7BFH4,49
909JLQ,58
1U4AH8,79
VAY7EH,78
VMC95W,43
20MS9A,90
MIWY83,30
GIFVK8,35
3BRDXA,96
ADA8SH,20
C9O0NL,88
14VH7N,52
WYLMT0,46
GNDQPF,86
P92JAB,48
KOHXUY,59
DMZY20,73
LXYA1M,77
MQL3LF,76
G6V7JV,91
FNKMXS,13
TMM6BI,14
Z49S1T,34
PD3ILL,46
YKNPXG,53
PA0OQ7,40
O6KC7I,52
O0CSJB,30
NRE3PU,3
S5GZ23,91
23JRU2,8
G49TZ3,32
WQ3NK9,68
Q6REUG,76
WC08XP,7
JKRFHC,14
NWJ9TL,59
11T4VS,0
54DZXO,70
DT6KBH,41
M9M8MI,30
S26NA2,86
MFE30V,99
QA363M,54
W6935R,80
QR91AH,35
UAPS5L,67
5TC5NU,12
WLOZSW,51
J3UFPD,30
JIW83O,16
WP464K,65
F5LSBJ,34
FSH30P,59
7UPLN1,78
4IRXGX,38
FTAW9G,47
6QSQKX,6
GI2194,92
68NFYS,95
EEVOUX,9
G8H2OI,43
1U8QQ9,44
PUC5U6,42
PIU5NZ,43
VFIZIO,47
UWL8CF,7
ZVCIB4,74
SOL4X7,92
GR8B3O,15
7FHLMT,77
M4KRYJ,64
LALOUO,71
RKF1TX,72
N3FHYM,34
7BHKPF,70
XG4CTX,99
K6K6UQ,19
ADONM4,12
ZNZKRY,38
WPU7OJ,67
84NLVB,0
LC500A,19
0FNRPQ,42
IFYGCZ,67
TXLDZV,0
QBX788,92
V16HF3,33
BXJS1O,2
7ZWWQJ,71
L4CA0B,70
WG3ZPV,49
F2P445,9
5Q2Y7X,35
ZZV2NF,81
YNZDB9,56
87DG9U,22
8HUWK9,10
ZE2YTJ,42
GDCUVZ,38
C1Y7UO,13
6VE2GL,76
NRDZOA,20
3YE2AV,71
THU9J4,25
VH5VIS,30
86A9T7,62
YRQYY0,84
ATT48I,31
A1PJYX,65
RSFJPF,76
GS4QAT,64
1ZTED4,63
GBSLVB,6
N88K7P,14
L7WOM9,82
X1FD23,78
MSJ254,83
3X0Y65,83
E1510I,57
1SFQCK,76
HJWVPS,91
7T8PCL,62
JVAW7C,94
CGJ8JB,48
CC7G55,36
501EMR,5
HFDWAP,22
EDQOU3,30
JL4D82,86
C34TY8,65
38L1OO,84
O4WWYV,26
TZF7VQ,16
1WHLTH,57
XDACD7,99
3A1TX0,53
NQCTK9,40
G89F9X,78
GQOWDF,88
CPEGT6,31
AXCWSP,1
0F6FOU,75
TCI53N,88
40T3FJ,79
7FU0SE,16
41GHO5,22
9MJYU3,82
34WIH6,96
8HUPEG,72
995ZGD,86
JV52OM,20
EZ3MC2,30
N8AAJL,94
JHURL7,58
6UL7Z3,5
FZ2TY2,27
S9ZU4V,70
2Z5GBP,20
H036ZG,66
ABG040,57
LBPZPX,20
MI15WU,13
CQ4PRP,42
JFECLD,1
F9VIVT,54
1JS3AP,72
WOOVAY,1
IXGZH4,61
XXRIGD,65
S31Z2Y,47
M4B41X,22
064FYZ,91
I519A4,12
FUWCOB,5
ON2VXO,17
BX62U5,40
JXWKUB,27
4A79F1,22
VJONXT,32
0YYJWS,55
H7PHDN,12
LZW8D5,62
UJWJ44,18
QICU8P,98
0TCUWS,5
9T43MF,52
UP0B65,57
BGJI1U,58
CBGVIE,4
WVPGYG,51
WIEJRK,9
HUU1GA,62
GB7GNA,44
PKEWXD,5
RXL8W6,95
ZC6X1H,52
FOZHDR,55
4GTAN8,1
V1ZJOQ,44
3HSE3T,16
JZKJCA,32
8P0BZK,90
QF1FW8,59
7KZAZH,48
R53KKH,94
TKKNOE,15
21U8FS,10
DCM4SV,56
BJPH2V,28
6819L8,93
8CVM0B,68
VSCS0B,95
HN6874,50
S9GV33,49
NOZ6CL,40
SM2VQ3,3
TUNM4O,2
EPSZSO,0
L2D9GC,53
T6I3KS,35
NMIZIR,87
RQHESJ,24
LGQ6NV,80
5802CU,76
VEC9P0,26
YXNE09,85
AEDKBO,80
M2HOCN,26
J1UPOP,98
EX7D1Y,47
5X6Y7F,47
PZ6099,15
9RVFJ5,9
3QPGA9,13
L2Z7AE,75
80AIRD,26
FE1LRX,45
HFN388,40
PX93GT,78
U8ZZ7U,35
Y037PO,51
W8AWQD,99
GMUY1F,7
6ZHY97,74
2JURNO,93
DCTNRG,62
TB7010,33
OIEBX8,5
2QOSGB,0
TTPC1V,15
4TTX7S,76
27DKOW,89
9947KZ,49
K9IOKJ,50
KSA0ZR,58
0VGZKU,59
OX9239,66
6DK1YW,11
VCLFWB,100
2HQ2OT,38
LE0N6I,6
EGXCSG,23
2SSMF3,27
YLP4KL,48
JVDDYH,98
W71IK4,80
EF50SP,1
LA593W,97
BUT1SM,66
OR8GWI,46
Z7F7A9,33
5TNAJ7,77
2E414N,27
VX22MV,51
7NXV8W,20
ISY7K2,5
ML6EBH,41
FY2WXP,9
XELBFV,44
G7G9HD,90
MDCURA,7
FKDFBL,9
PI6E4Z,87
BTJZNU,16
OM5VD8,31
NSBLEE,31
ARSQXY,70
X397WU,10
7CERM3,75
IUFJFQ,46
4LJ6PC,65
B1FOA4,62
FO3UUL,13
9E69QX,75
L52SCS,42
2OEEYP,95
027XU7,95
I4H29G,92
QXO4KQ,49
NT93OU,1
4J614G,57
4MP1II,46
TUY2D6,76
DM6WR5,39
LOVLJD,66
4L44O0,97
ZF7YXD,32
Q5Y3KS,88
MGXN8O,63
NX58TW,22
YSZOZX,43
WEZJLV,63
LUXQFD,21
LV1VF3,79
ZS2PC9,1
0DBDHY,77
48EQVR,63
SXZI4H,92
JKY3QJ,62
AQZ1CP,17
FQXTM9,66
11TCM7,0
N1BWL7,77
YMQ9YC,28
HMJ3UH,71
411YMA,58
JVB3GA,64
Q8I5E3,0
ZB4NHJ,41
2KPY8Q,23
KXL1UW,7
GL6TV6,5
G77I26,56
ZY5BTE,92
UYHCY4,83
XFGV2D,9
3CIJV3,15
E503G4,82
R1G6M9,60
3YIEQJ,84
AOYK6B,98
7IGS6F,23
QIR6DH,42
24V86A,37
KV0E07,99
O3J7S2,45
V9ZWIB,29
FJNFSM,34
8Q675N,27
DCY7SB,92
6CC7BN,92
0EZ8HH,5
L2GL7L,98
I2CKWR,90
KGJ9SN,40
XDK1CR,86
ETVRU4,48
801MQ0,100
YC0ADG,76
LIDFLE,87
PVBWXR,33
LMZJFD,79
6KYEMK,8
IHPDV0,51
KO800A,33
PCOGTY,12
JPTZYJ,75
Y99PFM,96
PJKR22,24
C204GI,65
RHFFMA,15
SPDMWS,29
9BQFTU,26
3HUKN1,73
INJIRG,14
7S2E9H,15
1RQQD5,46
U6ZPE9,23
B0IJLU,5
HXF7C3,69
79ZH3Z,57
M6ZK5Y,25
N9RCK1,5
CIEMAV,32
JUU9LH,14
JYNXD7,0
LQH7X6,67
K6KRBE,51
B0BRZF,49
I2OOLQ,64
1PTT9C,39
5LNTV5,81
XC3AIS,39
O2KLQV,38
2ZL0VF,31
3115YM,4
UEST1F,87
DXZL5S,54
EEANTW,66
KPU5R9,74
9Q1UNV,9
38ZICB,90
E923HF,61
9UYAKV,57
UXHE0R,55
CL5NXH,62
CLHJUK,19
G4GET3,25
PZUOSI,78
X59LSZ,70
8URRK5,22
64IMSC,65
BR04GC,10
O1MI0J,22
BHH72D,64
I6LS60,66
0NJMPL,29
I5NB7X,0
ZAGGL6,25
ZMVXDB,52
F2GACV,68
B7LPPU,70
VHR5VA,42
FIJIUG,4
5E09J1,11
1T955J,68
UGA6DK,7
9VM13D,57
QG3ZOK,96
RDT6KB,10
3XMRU6,76
8S6C1N,53
CGVVMC,86
SSFN2V,1
X2QSBP,11
MW4HCX,44
8CN8UE,50
RQOAJT,19
QYEDRR,16
VGTV2D,23
TCGZ66,99
BK1OGZ,9
63AZFL,44
918KX8,97
B7Z1P9,17
YENDQ7,92
VR37WU,39
1OT9P4,78
OGRRY2,62
2Y53MA,19
I6U3WY,71
YXS0I4,14
31012W,33
Z48062,72
KHVQV0,19
NQAG5X,2
UKBQTN,29
D2X1VH,92
URBMZC,42
IGLGA3,94
57TCZW,98
2JWIVO,2
T6AW5C,39
XF9MK8,99
Q92A6L,71
3M2HZ0,26
M6X7SC,46
XWNFZG,74
X8RW6K,1
C23KXB,75
ZHJLI0,69
19W4ZU,99
YN97ZF,44
C5M6X3,68
HW9ENI,17
7MCMEE,30
W86HX5,74
808AMH,81
UCL885,44
0UL2NE,81
PPDAVU,65
3ONSHB,67
O5BT3Y,90
P71B0M,37
ZVJLYD,79
QFWFUD,77
8UCZ4T,82
M95Y1R,8
NQ0R0P,87
HH6UHB,22
MAXNEU,17
XONAW2,87
1RVSYB,47
6L3FZY,3
HGJT5O,87
DHAH25,82
BS0LGE,56
R075YP,8
FLVOQH,20
6FJK3U,72
4WRLB7,8
RFSEZN,36
9CORNU,34
2DXZY5,26
699EHS,88
UVOXNC,97
TDPSY3,90
GO9TAW,20
IFDDM3,67
8GIYGH,18
5K4XVZ,20
MFMRN7,35
FQ6YYB,21
OCPAFW,4
W2O208,11
9FBG7A,71
GBB75J,16
OSBQDU,32
2YTIJQ,79
OGVX3N,23
VIQSBV,64
39ZKSP,4
H1AIWW,100
YNO7QS,59
S9FAXT,14
NMOAAG,7
I4DKKP,30
BV494I,58
CCGCBU,73
LOZ9CM,56
ARAAZH,3
9A00ZC,87
RVKS1Y,10
YCPCI2,98
ZCNGZC,41
AZ5HX2,55
H8L9Y1,80
X701PP,42
WGL94S,21
8XFI18,22
5QRN14,80
MP3QTZ,80
X3V7L5,95
RIJVD4,83
NJ9Q4G,94
21HNPW,16
7K4U0V,65
05OAD0,47
V6BUZ7,61
KUUZQP,35
OAC36O,23
U0FUMI,81
5WZT3Y,30
2O70MQ,53
9104YU,23
1M2VNS,12
SAP3I7,65
KWIINH,78
K9HP5O,34
OJWACI,42
E61OTX,84
YYHLXQ,24
142DNU,94
QK73GV,75
3ZTIMM,0
GYI95Z,23
TQUHQM,81
AMSR61,61
IUGEIY,4
YY5V4G,0
VE9U5G,17
G9KD50,13
COPSDU,63
Y57151,52
IYNOXK,5
CT9PW6,81
N3I2ZU,58
CVPA7K,31
20P70K,57
H60RMC,78
CCCNT2,24
2E83GY,4
Z9RO5T,24
TGTCKY,50
75X0CK,15
B0Z4V2,6
6V4RA4,74
Q4HF1P,38
N1AIXB,42
Y9HO0S,28
DB3FGJ,12
23F5I8,25
G8K1S4,49
EHB6XC,34
JGA1IM,68
NHZGYE,34
QTADQ8,67
GGELQO,0
F73BC8,88
Y7REFB,52
8QR13V,12
6Q8ZXG,73
BT960U,31
NJ0BHQ,4
ZPM49U,73
UHPHLC,1
AJQ3RO,49
84FJWN,52
NK2AII,45
21Q7MN,14
PLZ4GF,78
MJFIVH,3
IVPYWV,88
XK72XG,88
WVGWGU,89
B86KLT,5
3BYSAD,32
YKGB3C,23
1MO8IR,68
UPPDL5,82
9J8NEF,69
XBGBF6,31
SI1XLU,60
MRSHQG,63
KBH7PZ,75
R9RBRB,98
FV7NLS,88
ECPG86,66
8ZZV7K,22
2RAK4X,67
NT1YE5,48
DS0KQL,31
E4LEPB,88
T0QD2P,100
BQ99CN,6
6U2Z52,9
038W37,32
N3971L,69
ARP72V,31
Q3Q9BG,26
WNHP1C,23
LMN5VC,96
JNBO8S,89
ETIRAW,48
CITLBE,21
ZELWMK,6
HM2GXN,6
172H1G,28
JMGNMM,33
PIOY1G,30
WWK84N,93
PY255B,83
RB1NM9,17
MZJDMK,3
LUZM8A,92
RDRCJ3,81
N9KZRH,11
A8SHSB,30
7WY0Z9,15
AWEA45,95
L3R0FW,43
NJL0V0,76
RWE78F,25
4TEGTZ,63
70Z8WC,45
ZRX49H,49
DR52NI,31
3XZ2W9,13
PI64AJ,49
9TQ0HJ,92
4FOO7U,26
WQ8AN1,58
KLV9YR,90
G10Q92,34
8OCS84,38
JVEH27,93
R4U6RH,32
E2NPZZ,80
9EOI5Z,76
6Y162R,32
1S32K3,27
Y0OHNO,32
S2FRVW,16
XTEMYT,9
C3DNZN,9
3GQWRO,73
8SZJ61,83
N56RNW,95
BQPJQY,8
ML97QX,45
DXWVSJ,4
OOJUW9,30
TF74AN,89
GJCVEB,79
U4HZ7X,59
CGSV2E,95
5EJ2E6,51
YHH48O,15
65XOTD,16
K85KR5,34
Q0EUMQ,45
D112NJ,3
105P72,49
GBSELV,26
TBPCGO,91
EHAOU0,89
KK2RES,64
KXX7TP,46
QHYEPZ,78
6O1LFE,84
8UIRYH,20
SVOVNG,25
4KJSQ2,14
VL81W3,28
8TMLFZ,30
ISQK49,69
FK4D8C,35
XP9NMH,97
841ENT,34
K4SXXL,79
RTHUQE,91
1IX9P0,2
Y3SE2J,96
NAAAH9,36
Q1MJCO,43
HEMK2I,73
PZWEK5,64
FY5P9E,75
1WV3WU,13
R46CNF,36
S8ZY6O,26
B06QB7,95
5UA59X,15
0NIU6F,94
5EXVQM,47
HJCMMR,78
5K6R3M,80
RP7HLJ,18
037CYG,55
TJU52T,67
0NXE40,73
IBF560,16
D0Q81F,81
KKKZXD,43
KVCTX8,11
29TQFS,21
R2QUNX,100
FURPSC,16
ZFH4GC,2
W7A58I,70
RRHXJ9,77
N3UD1I,56
AP7ELD,17
F02TZ9,37
FZ7T1J,89
9JFFRX,68
KGAXC0,3
TYTBS8,62
MDRX2G,91
NZ5O7Y,73
136TE9,4
QQP99X,58
YV1X87,52
RVD0YP,24
UALZTT,58
FD2LUD,48
TTM5L9,73
0R6KDG,24
B5A2RO,96
QEW7HF,59
X57KDI,6
B8RARV,60
RFQLVT,63
US1W61,46
M14KHG,84
G2OK9H,28
NIAI4O,82
I8DNQW,82
1RPACX,13
Z3ID4E,37
Z65E5Y,1
RTS1TB,52
9MYXNH,32
FU6909,53
ZM996N,42
RZG5DC,61
DJGIND,95
2JR39X,40
7NUE39,21
4M0ZMK,46
HJ55OJ,33
SXNV50,34
2D117B,100
VASZEX,79
6N6GKF,89
Z57APP,32
RQRQYF,60
XBCZTP,50
2D2IU6,32
FUOUS6,80
OUWFMI,12
U515W1,55
PGA1A1,43
XTRLCI,28
SW6PCE,43
M58H83,2
VZ960L,55
SKTTCR,20
30SEBL,44
O491IP,97
EUZRJU,94
QZF435,87
OVK7Z7,88
T6WAJG,24
VFISM2,99
V25TY8,97
OS1MJU,53
D5RGCV,19
C5DHTR,23
CN8C59,56
0JVBG9,63
S96G8G,74
BPI862,76
RCCU0W,22
C4QSQ4,100
ONYYXD,56
71813M,17
FHXF4S,14
YB6N6B,57
O3D0LE,75
05FBH2,75
466685,59
UEM4GI,92
84IKNU,80
87E8VO,8
GIXCVS,55
P0LHJD,59
Z4PCXY,12
N6Q70E,39
6T8DPI,29
A269HL,39
PY7IDK,20
2Y8P9N,31
TMC81U,77
2T9EJW,60
71OY1G,63
TIM4QN,0
WDO347,100
411U3S,65
QCPFO5,99
ZY41RU,46
A3O7PQ,2
3X2E4E,45
SDFBGY,19
LWYNTV,58
OVF401,22
EHQZGO,18
LL4YMK,35
JJWM4A,47
JT079T,82
H714XN,56
RCZR7T,34
VK8DVF,39
R5EZ4R,38
LUMBIL,95
R6QU2L,54
NKRO09,7
WXNAQX,98
NB5Y6C,50
RSV1PJ,13
XWOSCS,70
71WR9N,72
FJ3VMC,40
6LT16S,40
HEKVJ1,23
QSAHMG,52
T8RN0E,75
FNOSWR,69
JL0DWB,90
99SI6T,68
0Y9B21,32
A7HV3W,74
8C5XR9,24
5I0B1T,81
7S2B0R,3
VMFZTH,91
T2PYYJ,2
393JMG,92
LB8NTN,98
TZCUGC,54
BAVN86,22
Y7G45J,25
TO74WH,90
TDVKJ0,78
BWAOI7,24
UG6A3K,100
3CZ1GS,38
EBMJLA,80
7RXEF8,64
7ZBYSD,5
X1AOYW,30
3772FW,53
H5UZAK,26
FO4JTS,96
GVOWK9,63
X4LPWZ,4
KB0ID5,76
MB1RW8,37
34XCF2,90
L1HDKF,75
OHXNOT,65
URTGCG,97
E17RET,42
E3GJKO,41
2N90FV,48
ZTEU81,22
QEV3FX,32
AOBMA5,16
IFPHHF,49
96CYL0,82
TFBMUK,63
RUP28B,73
SXW7EY,28
IOR2GN,94
RV1U8A,86
T9T2VS,4
KVNRHN,37
W7RZIG,77
ISJQ7X,56
21LAT1,31
Y9IOBB,62
OK7JZ2,15
K9JUBX,74
2EUAJ0,26
ETE3V5,37
QNO0WU,9
5RHG7E,30
OKB9HF,51
SNBBDS,49
QPTRKT,33
QOW450,58
3WD2ZR,55
WWWCYB,62
X1KD8E,13
NE9FRC,60
TCLYT6,47
EJU8T6,29
B3RQRY,66
H836X9,70
MUKTKL,21
8E1WGT,56
GNJZFN,87
0U0HLY,56
96PHU9,50
YNF86A,54
GZNTPZ,4
RC32LI,12
26PX1R,20
XZFY8X,46
M583CS,49
ZAU5YN,22
DMYU17,44
UIRJKS,68
I2QZ54,42
Y24MOJ,42
367FWS,98
1J7IHR,68
TY2PYW,23
ZOA7PB,47
KLVQ6E,41
912QWF,93
OFY11A,69
RHCBY6,9
ZLN8UI,90
44O6WJ,19
W46UB4,52
UFDXKJ,46
Q08V39,70
WA4906,30
3I0W60,88
O3Q5K4,44
4DXEIC,84
01SZY7,0
OU1EGA,30
DEXVLU,27
WY78KF,89
LEKB1I,55
A3V7E1,80
U39F3P,30
Y6DY8A,65
EIBKY1,89
WZEXYG,3
MO1L63,3
3URLUO,82
2GC2YL,74
7AKUYP,86
J2AYX7,85
71RXNR,100
ABGVIB,38
IR1NMW,32
POPEH6,13
0TI5AT,47
QIXM3R,61
61D1IC,98
LUEX8G,97
BQI25L,72
T82FHP,68
VYW66X,24
WMZ6N5,70
JRHL2M,59
2GDE6B,72
J3QQC9,23
UK0BK4,31
7QGQAQ,46
1A6WAI,0
RIX5RE,88
PSXQ5G,63
OULA6E,70
2N9IPG,52
6XDQ36,1
LA4TBP,60
GPG8K6,57
70KFMQ,7
DE22YW,9
Z0PIKD,80
N8FNAG,38
RJFTDC,57
TP3RTY,31
JETZ75,71
K8K4H7,52
AQ7U75,97
AVQMXD,29
KN098P,6
H07R34,35
JWAIXP,92
XVLR3W,92
LDVPJ6,99
C1E3VW,49
NW50H0,73
FJYVEE,12
X68108,33
5C5OO1,92
LMOHD1,84
X9DBE0,14
43UQZW,91
ZO8FOX,14
R6ASF2,84
9MP39K,58
U8GZIM,59
YYGF37,10
EJQ4M7,76
9GTOI4,1
9FAV41,96
CGBR92,20
LQT8NZ,78
J7CF5C,78
N5BDD4,20
9SH5OR,45
4TCTJ3,80
WRPK9F,45
JYFYC1,50
FPWDQK,17
UIMUHQ,49
OTWHV3,22
9OSHMW,58
JGKIOH,54
BBEEOD,61
RXSXVU,56
CLQ90X,90
ZYE418,66
09CDLB,55
HP81SZ,36
83QOY1,70
DRP6QK,96
3ROF28,64
TDXI98,28
BPSIE1,81
TXAS31,68
ZSJUIW,71
OP5YVU,47
C693RK,68
EYQ4JP,34
R7OZ94,84
D295LM,33
58K1VL,90
O7ZSXQ,7
L1TON3,36
7JA5Y1,52
RXNSRI,91
5391T9,45
UJAFS6,70
5W78V8,13
OI4XGF,22
VZDB8I,34
GQUNUG,8
NN4W85,68
N2TBED,55
V9IQYY,56
VA47UU,84
9AFFVD,78
DASG9L,61
BOXV7S,66
BPQPGK,48
XIH6WB,3
55Z2EV,71
FVN2C6,17
SGCC7V,40
E1GPXZ,55
O92QFB,0
TNXK34,99
P0IB5U,36
4TWME4,44
4ZNFB7,1
GSIYLA,52
ROQMS7,88
ZYJMQ2,43
UOGU3X,25
2L2TD7,89
A1EEDI,14
APANLV,32
BJ7PZ5,54
JQ99KR,14
ILAGNI,38
FDEF79,91
DBUK60,28
4KC03V,40
3CLG1L,85
CG38O4,59
EXAJ92,36
TVIQ6C,50
B5HQQA,25
AQ4YN6,46
UPGDDU,11
8EZGNE,95
HPEHBL,48
CL9JEJ,12
L96YWP,64
ZK6KXY,87
BIYPNS,69
VZA2J4,12
8VMRJQ,5
TDRRE3,65
0C8P45,69
LYQ3X4,65
UFR7FJ,66
GIGNZT,7
B18KI9,86
7C1DN4,52
08L3RP,8
Y222R1,99
W44AG4,98
G0Z11P,100
1QY7FA,25
U0VH6G,84
CQIWCN,9
CI78AD,88
PP15RH,68
JF93F0,21
RR34SY,10
08HR8S,20
G0PA75,26
P6I1UD,97
ECU16J,48
5E1RNT,72
OOO0R6,58
RGV7YT,22
Q47DU0,41
QEVXBY,66
8MZO5I,5
9H4DVF,68
0Q1MX4,46
39Q195,99
9WZSFB,14
TCWCGA,13
WHZF2V,74
KNOYJW,86
SFAS74,12
IZG6D2,3
VPO0L4,28
FPXC1F,4
GM3X65,66
HP6XF0,85
80F74L,43
GXD1P1,48
EV6VBU,71
7205AH,15
P2LBP7,26
FD88UT,6
K4I6CF,39
6NU151,29
7HDMN0,96
PZERDV,30
DLH2J5,11
1Z69FL,82
8ZN6D6,71
LI2G9E,24
1T6EFR,34
5VUZP8,71
6MR76X,83
BHJMP4,59
QQ4HU0,84
FI9I6W,52
CFZHDY,48
I05GK8,25
71HZQA,92
797EDZ,84
RXIERL,23
GYGDAG,58
SW4SMC,63
FCQY5I,16
SB19MR,42
TAH5N9,22
ACC8IR,86
2KZZVU,44
RMZHZT,58
86I9YI,74
SVGOOB,7
NGE1VY,88
RT6VT6,50
ZQHRTW,11
B8N0N6,82
8U0X12,100
IMOZXK,75
SEE4OR,0
902AJ8,15
D73UWZ,95
TTRVD5,40
CD1EXC,9
ITYUXC,100
RI35QM,65
Q3A5DL,62
X4RICX,55
DD7LXE,46
RR7K5A,9
KBF5RS,98
1GGI8B,52
ZNX8QM,27
T50LGY,31
MZ8YW7,78
XSMOOA,83
O33Y6N,6
01O98N,28
ZK6Q89,66
BFZDUH,58
711BDG,70
BE9VQW,83
UCPQTS,67
2WHZ3B,70
N0LNZN,94
WJW1VG,81
X2YF0M,69
RH1RYQ,48
VC7O9R,30
Q0CZGS,87
8HCTEE,21
XRNFBZ,98
LCNC1D,13
WQ1UFW,36
4RR4OL,43
65J3EV,48
P7TAW0,99
C4QJ8A,32
CLBWIB,65
U022E5,43
FKOF1U,28
29J6EF,41
SD5ZTK,13
4L3MA9,2
YECWZP,64
EOWJ28,50
XCQ6JX,68
JVP3XZ,60
32Q292,27
B3AN5B,94
CF5MNP,58
KO8EQH,30
03LO3K,23
UCWMC3,79
GY0990,62
VVNYHH,97
08HJAX,53
5YFR16,53
5YCWC9,89
IGM1HT,11
53IJJ9,79
RWK29J,52
IT6EM1,11
ZQNWRR,28
J5ZORM,53
EZ6E6S,46
IQTC71,100
4TSMO6,9
0WYT5U,52
I8B3RN,9
ZQKIN7,38
A5JI2T,68
7KG2QJ,36
3X29L6,99
Y0RW4T,40
TZ4UV3,68
3X0T4O,57
DKD8T1,81
6FP4E7,23
UQUVKY,43
BXBM9B,27
5578UK,75
X2AFOR,100
6PTP73,49
I34O3E,25
22UWYY,0
99LY8Y,33
J38S17,48
G3759M,2
WUQLY5,93
232X99,25
2ZAD6N,14
J3IF56,89
Y50MM8,48
Y38P0V,4
7CQD00,57
SB06DK,99
3R4LUE,61
PFUMSO,60
58WI9V,38
SX5HUN,71
9LSTIS,97
6DJ5ZR,59
W5BZ4V,24
82QY2U,82
K749PJ,39
JV5P8Q,7
HJ3DBQ,76
CZ1U2T,85
7JYDFT,48
H2O1GF,65
MYOLMA,70
HD0KGT,93
6DLP98,90
9ZJ3LL,80
6RU35N,15
IGZBSA,45
A8GMGQ,90
TQY0XX,41
HZVF4C,75
LM1T0E,4
RU1GXU,25
S705JL,40
NA41X1,34
0F1JGW,56
SO6YVR,34
JVVNTD,94
RQCU40,10
J2DGSQ,30
W76OHD,65
ST32PR,12
6XEKZX,54
N50DVR,33
FCSQ8A,98
GVFD2O,93
PDC227,3
VRRN4I,33
W5S9F3,87
7YXC73,53
MVQE8N,33
OX0Q85,65
B129AT,43
HMJEI2,73
7C9DXG,91
5SK9E1,24
DYT2QK,92
BLPGI3,77
R8P6QP,88
1MFMWH,94
QXG4IC,13
QSSNS0,32
YQK5CS,34
8N7QZU,69
5SLFAB,61
2SXJQU,36
DT4BPU,84
R8MPM7,35
YDL9AR,17
QNMZ4Q,21
4NAZLM,97
MZPJ7M,78
S732HP,8
120Q82,3
TFRMVP,27
QSBCUI,42
MLY8F4,14
U3QP3M,28
XCSDNP,60
KT64TW,4
DKVVS0,25
V2SWZK,28
6G37EF,15
JJX5F4,34
ZIQ9BE,33
5T9WXF,75
WDYMF2,74
DBM20Y,53
VVEBPK,52
8NHLEK,8
637K93,73
H8KEYD,45
4807NA,64
A9C0QS,34
ZH4RVG,7
5YS5BR,17
8L2UOP,49
6HKKDB,97
EDBM2N,68
2CWEQB,14
C93585,22
SLPTKR,35
4B755K,3
AI9KDZ,84
A5NA0S,85
QC4SMN,73
Q9F2W4,64
SLFGCK,7
WM4ZMV,73
VDP1JB,66
L7Q6FJ,13
1XN176,16
UQMUX2,94
PMB4JI,77
OHQ25V,12
KM47MJ,20
XI6ENN,75
9W96N7,99
L4XI53,0
HLWJEN,44
RFV7WZ,66
VAQRM0,35
XM0H5Q,95
RGK6FQ,15
935IYO,71
ZEB43D,54
GY4W99,67
LZICR3,17
2L5XK5,82
AL509A,96
6ZGE4E,21
GYRPAW,32
54L7P8,39
JNB0P7,18
MPZWOP,25
I0P655,69
H1KA8K,85
37M4OG,60
DGGJ03,67
M5RL73,42
3CRI5G,68
1OZ1R4,80
2IXUJ7,13
981K2U,56
WRVWUH,19
OZCX3U,62
P0P2EQ,55
4R8ETV,98
2297N8,77
SIE9H4,81
4JRR5V,9
06NFK0,31
7I28VM,76
NJM3BY,89
OJ5PS3,74
7Z39JR,80
XO25J5,38
0NNAQL,72
QHR69H,45
NTGYQH,94
3WI7UF,29
I9Q2JI,9
7HTH94,40
33I3T2,82
06XPRC,94
6PJT2W,60
ME98UO,20
YXW6RU,59
TQJ1AX,40
67GS3U,27
15QHFL,8
ZO7FFN,2
7G9EZ0,24
NBRS2U,72
SDCWRW,83
BUGYLD,57
9W37TK,10
M6T49H,42
X3XMJH,9
GVHZT5,54
0YE4S9,61
UB3GCE,40
51V1E4,87
4GFQTN,40
MBKF92,67
DBGXCT,34
ENUQ88,52
7YS26X,59
HXS9U5,33
IKTL68,30
KHWLW0,50
73MU9T,39
33QLF5,36
XTS6AJ,71
XPWBS5,74
PB1F71,15
OUASCW,83
4453T2,54
3A4WZR,67
4IEOGE,49
5OO3AU,10
C10JB5,1
EQUR11,87
V9HJTW,51
1KONCR,33
5PJIU3,68
C6XRAN,48
C0EHFC,85
TAHJM1,96
9QE27E,33
9QA8NX,70
9I94GU,94
MYOVK7,95
WVGUAX,100
IYXSQQ,30
N9UWQQ,57
BYKTV9,32
9Q74TV,32
E0D8PD,71
4DYQNO,8
EC40SF,21
D0TCB8,71
YIE80L,67
3BW5CA,11
CTCLBE,38
I13EBA,69
Q8812Q,52
2MGZC3,51
ME7AII,54
7JDP3O,50
5IMZLP,67
Z8BN53,14
PPCHKG,14
B3SRBY,68
NWZ2LZ,48
6IYFN6,72
ZUVVRA,23
8R62G3,14
W4NXNT,69
417597,22
2MKU7G,66
IVMOM9,8
45ZMBH,8
WZP9O0,64
3WBRL7,16
8NU7R8,43
3EA4L2,41
QXI5JB,30
34M7K7,34
G8HN58,85
G1AV85,8
DIRQB5,40
HXGU7M,97
S26G69,95
889QSF,39
KF14D6,16
IC8Y20,57
M0504U,48
V8AKLH,56
B6A2FF,35
F4EX84,76
95EKW5,67
TG1GZM,16
URZTGO,75
75N9BO,52
TYMU8P,60
ZFHH2H,15
7WU22V,86
6Z4C57,16
1SY4OX,40
53NL1V,21
2VJ892,26
RJOIGC,2
QTL3F1,88
3UVWRN,74
15KM69,2
9VGMYK,75
66E378,60
2B10M0,43
TVPCHC,86
GB7E7N,49
F8TU27,59
VJOJN8,93
03NHGL,95
LEEUZI,74
Z0WGBX,20
D1G1HI,50
OB0HEM,87
EXKLW1,8
RS1TTA,99
6XOTU5,44
O12M3P,83
9MZX2C,61
ZOUJDN,79
3710DO,36
4L0DBH,20
MOMXW4,81
93Q0Z5,47
Y7M2JE,3
2ZKPZ7,73
N8GG24,33
DRUJZH,61
H24WYU,27
AQP9M2,28
T5RIPA,28
Q94EM1,85
PUH3PW,13
1FPWVB,53
N165E8,61
LU3TAY,56
ZFJB0Z,3
HXUMZB,89
00DB7N,21
C9H6IR,24
OPH0F4,6
HWCS6L,86
YPWW0A,65
CPXIWT,63
LAFS0V,59
YGLM6W,25
IKS8ZE,97
SJ08JD,15
999J7U,85
3LQL0V,93
8WP6CT,9
H1MN8S,78
M28RUP,46
WILZI2,36
B3HCKM,30
D9F80O,1
9DFQO6,36
IVYI7F,45
T9F8JF,45
JRKQXU,55
MKEMGZ,7
46CGWF,5
SRO765,53
BEV6UL,76
NPL9CJ,65
IE4ITR,86
KAPNOU,81
O28BBY,100
VKPQJB,84
31M404,30
KTEOO2,70
9LFUW6,6
6BWUM4,52
41IHKE,12
42DCR2,12
8L91W9,30
DJIQXO,59
9KHYRM,73
1GV3II,39
3WMGA0,67
LNWJZO,5
OBL18D,83
DMD5K0,87
LLT3B7,100
NUIQ41,90
91FS2C,27
U0H1YM,52
OFUJES,74
AVAE3N,1
4FZCQ6,78
9QJU6K,58
RUCT3N,81
7FAUD4,26
00FTS0,25
KTJL36,55
TCN53K,21
8PEJWO,9
VKB7PE,38
V2CVO7,78
QVN3QG,34
XZH0HL,69
XGY2PC,91
ZSP2AH,64
E1OOQY,26
PBOLYF,2
U20NMX,79
IR26EN,42
39NQH3,75
3TK94F,97
R2OWAQ,76
7OX61Q,59
VO0FBP,98
TMHZXN,52
VXY0DL,85
3SI01L,92
7E58DC,83
QI6WSV,41
26JEGJ,62
9YUXF2,24
OXTSW8,79
C1L73H,50
5WPF2W,45
H29I0K,56
NF883O,0
BVN12E,3
3CXOFA,4
AHQC9E,10
33788C,8
KPHBFA,67
2KW3ZZ,12
2HYR46,41
2OOP7O,32
5L9RHD,33
SZLUCI,95
QPKKSU,44
TX6GKF,45
D6GUP5,88
I5U2X5,28
5TWYDB,49
86P4Y0,55
RODT9T,8
9JY3KJ,50
49AZ4A,98
O8V1PU,27
58S50V,0
UIIYZ7,63
1LIZ5X,17
9EITBE,45
MW3BLF,87
VWQX2D,16
9AL0IO,27
GP743K,94
EG16ZC,78
YXO6OH,29
6VGPUY,39
BGT9JQ,34
OW2VYT,69
OUDW9Y,30
1HWL66,44
IHJ1A0,17
URYA35,15
92CHHO,22
C3S8NB,86
GX4TG2,5
9WDJN4,19
9MRSHD,52
76G8HR,20
3NT3KN,37
CXX8S5,9
Y5DD7A,87
MH6G92,88
30LFUO,40
28NEHH,3
KSRIHX,31
GFDX0F,49
373Y79,68
5LR51U,43
OJEYNL,60
V3AH4U,65
XIF8ZZ,64
88H102,55
S52JZX,44
MALR67,97
P1IB09,58
T3F290,37
IBFT46,100
ZY85UF,83
9RUDND,28
8CBB81,18
MWRYZ6,32
EVP1UQ,18
JSZSNR,9
8W0VWB,27
BZPCDL,82
Y1P7N9,61
EJGIEU,50
MB617T,12
DAA3JG,17
GYC6JS,87
5EH1FQ,74
CB94B1,31
ZIC1PA,57
1AAEO5,84
WNCJY7,94
MUJ4JA,54
BNOL48,68
OPKTEJ,17
FNURRQ,14
UTETM4,77
6DDXJS,59
A49MP8,86
SQC3H5,50
RLK7J1,35
E0WBA3,32
023055,90
QHK3SW,71
1PYHP8,93
Z5L1TI,66
VH7O0Y,25
MZO0I7,81
WQNE1C,58
WJD85N,36
CYDC3E,6
F6A170,69
IVURD6,41
7PYWRB,54
HV1GT9,83
56RJS1,65
5SYYUL,59
O12KH6,1
7KX8M9,87
PPMOTA,59
2J4UEB,96
KSSC07,42
J2ARLQ,13
YIHF5P,86
IABPDZ,24
L30R2N,26
VDWRM7,14
HDKCRJ,82
JT0XGL,42
V5RGH8,92
AZDRP1,32
7RM36X,7
H8B2U5,62
TZB6MG,72
EJCLFO,21
3QI020,46
CRJCMB,52
KS56OE,16
PTXGLW,66
RPSDRS,13
G8R202,34
IIYBVG,0
507QT3,22
46R6AU,52
NMHAER,52
G1T1SB,67
XFZVTD,98
6W2MHH,18
6RICEX,59
XMZQ40,8
02UCV7,42
Y57KV0,20
3YGSE2,52
99U27A,39
CER1ST,81
BW9WIW,17
MHFX12,93
5A6S05,14
0RX8EW,82
5VT50J,15
N54VJA,0
IUJQIO,42
WO98TF,0
12E046,18
IFB2AW,62
1I3L2Z,85
SWUHGM,79
0Q8PVE,79
LEEK74,23
JZGBVH,68
D4CL5K,71
OPKPE7,37
5742LY,3
X9GU0O,20
BUVER7,24
E4ME8P,0
UXEV4S,66
JQEXL7,89
BSDXZR,80
0DSB0R,1
5K91U1,0
9T0I2L,91
VHS2DV,13
8JJ74Q,30
XMXICQ,4
O21V5S,51
59YU1Q,21
9FCJOH,66
VJZJQC,41
HVFUJH,31
AT6ZQ1,84
EG5N5X,45
EXP98C,30
DSZGUC,66
58KTBJ,61
SULRIK,8
E954FX,51
Z31NVF,47
AWKBGJ,4
2DXLPI,6
A5DPQU,65
GEIAMC,4
2OJU7Y,12
1Q038T,6
2BNYIT,82
WNGZSY,45
R370BO,89
A968EV,86
83I3E3,82
BG0NIH,73
BDEKCO,64
GICAM8,70
92HKZB,19
MUSDH4,41
85BSYB,86
UEMBPP,11
9IH5R5,74
SLUUYT,61
YL647F,1
5EL5H5,74
BTOF6O,81
3RV2XR,40
SYLSIQ,92
DWTKTC,26
EW3TT1,74
Y0VJ3C,100
3ENN01,33
0X5Y55,31
JN9Y56,58
I4J6VN,16
K3OM0M,20
70QUGP,43
IMVNGJ,89
YCQQ00,56
LDR9L0,30
N4R99Q,4
D59EIZ,86
229H6N,66
37GIN1,30
Z9E6LV,60
GB9NBG,16
IJQ4G2,7
10YSR3,21
FUN0I1,4
89AF53,34
HNAY95,7
X9M527,8
MM3PX6,0
S7628D,1
17U7BX,93
3LWNFH,63
4VSRKB,73
WGTF7T,50
WVK4UA,24
DIO2PK,44
DOZHW7,40
AOA6U2,58
BMZQVG,7
H6D912,19
4J25WU,71
LKPONR,20
37UCV5,90
54S8E7,33
FO3EFT,71
7K69H0,13
15SRTF,73
D783C5,7
DYNCNJ,51
V9BPCW,95
WWOG4I,48
55XNKF,83
2E7QVV,98
R65XEU,46
PMEVAS,72
QAO393,24
FB9V6X,27
KLBJWU,55
NHS0KS,91
RFKLC9,71
OZXHOE,92
OWP6Q7,53
AL3HOS,3
IF3LXP,13
W5NIUX,97
ZGYWMK,98
J458BJ,8
DALMQH,99
SZ1SEE,94
ZHIX3W,2
YNHPT2,55
SB4XUK,39
IEIV8Q,23
EPYS74,28
HK887A,93
D0MQJG,49
L52GNN,56
RDGJE2,91
QJLJGS,46
RP2TOV,34
D8SF59,37
RPYBNB,87
FTS0J3,10
7BBKQJ,27
JTJFF6,29
JF92KZ,75
Z16WVA,95
HQT83H,7
7KSYAC,94
9KSOQL,34
6AXIG6,36
HPS8WE,95
Q97YKR,72
6ZTXAK,48
N0HMZ2,95
3U92GY,52
ZLS60A,85
G04C9Y,42
M40PG0,65
HRRJ9T,79
U4MT84,81
6V0IC0,49
ZUD2AR,45
D4MRO6,68
LBM46P,98
QEM8JS,12
GLCCOU,86
5J8OE6,35
5ZR5YT,83
HF96QU,25
YY3DXE,23
BCTKN5,28
FDO2O9,40
MWAKS3,24
YGTEQG,93
C88JBI,97
PCALJO,72
3U274A,76
5GXZ6N,81
AV765O,9
SB6J7T,77
4ZDFUX,70
SFIYBF,90
IRSPLV,64
B2BAAU,79
AE9WW0,21
O91G7H,52
UYQCSI,99
LQAQ6L,93
9AK1CE,82
J9GERI,10
CYUKGE,91
WJZ0PC,94
LFRREP,71
YY6N0L,55
3A58D6,87
D01QUC,25
T9LHXZ,71
6BFSLD,70
49ZCBB,99
R1QRGG,79
P4WHUI,68
EEZ375,33
OK1UML,65
LWZI4U,60
YM9ICC,72
LIIZLH,0
ZMN9MJ,46
KKPAQJ,97
LEEJ2E,100
I48Q27,46
ZO8O70,63
WEM7NY,86
8MPKZO,91
QT8G6G,24
1LS7RZ,74
KSGZRJ,35
O6XONQ,47
2CJPNV,27
BNHWJX,55
5MUG8S,62
P32BR2,78
1KMR5C,10
3HY2L4,85
FOSZHJ,26
K0JUMJ,37
UW80VX,56
VA3NSD,82
7NK377,50
USERX8,70
6Z3NXX,69
BN5ZK3,62
0A6GYJ,76
VKUVCD,23
UAMGLO,46
TIJQKI,92
5DZXTP,91
WPS4V2,21
5JPBU2,87
6F9GT4,0
YS3YH8,65
SNW2GC,73
ZMUQ1X,19
RLZTW8,78
MLBPZ2,54
XUBY3F,84
VS5SFP,52
HGCZD3,2
VB6FYJ,42
Z8FLAZ,28
AQ8NJ2,81
IWN6JL,89
FO9NME,49
SGEAZ2,33
94D96W,3
Q01VN6,57
WD834Q,32
Y93DLB,82
1DXU7V,17
FUKWBD,93
USSH1N,54
CZIEKE,11
8BFWXG,42
WIEXA9,4
Y3UVOV,59
8TZICZ,77
T4EDB6,3
U8MYVC,19
8S12J5,65
3SV6QT,34
AJX8AO,28
51J0QE,78
QUFZE8,24
DT2HR6,75
MLW173,12
KWBNRN,43
7X7T7T,69
O9H25T,44
TN88PE,5
KMUPWK,16
CH8REH,24
78VKWE,51
FTY2FK,15
8HO3T7,83
3B1RPN,52
4AUAYH,8
QW7RQ1,44
4RXD2H,34
NETUMC,55
F63QQ9,92
1S2PAR,43
TDM2SU,20
0Y7X15,87
85BH3P,50
2XTYNO,75
BJB5L1,71
1WSW9C,52
WWBEVG,74
XND0LW,11
XTB248,25
UT5GO6,51
1X7UBU,46
B29UH6,34
NC5HAM,19
WNC643,95
6SPAXT,39
J3F6RD,13
5S6XJA,5
Y7SYFP,16
2PEEK2,88
7HJH66,57
Y8GYXZ,60
ICAQV7,35
6BAVN0,2
9GMQ0T,1
UJQR17,15
9LME4E,73
YIRW24,32
G9CKWV,82
OGRWU3,28
WJ2LVX,34
APKGDY,48
X2YX10,27
P9EV64,27
IHA2H4,94
MPJ7V6,82
I4XX8I,64
RBW5G5,3
3A5V9A,13
MIBN8R,76
WX280V,40
KTDOHO,86
GTNHJM,51
RBZJAL,74
KFRVC0,75
3OA4BD,36
K3HJ7N,0
2GP9IV,92
68CVCW,73
272OCR,72
K5I0UG,83
MZSAC1,63
172WFA,72
TCDTZ8,8
T0OIHE,40
Y1D0KD,92
05S40V,60
FM7X3U,35
48O9UQ,95
BAWJQ0,74
EK9BTK,63
BHM4KK,53
MH8PSF,71
6U248K,27
8DHZFM,40
H19QM2,7
98TKGF,76
LWNNWX,71
DHOC03,76
4HNCIX,2
PNZH3H,2
KQQJBV,59
A9HNF6,6
I0HS7V,65
FKW8EN,73
4E1NL2,24
O6XZ2O,52
3437RR,55
H1YM6R,31
TU7GD1,19
2GDY8A,74
L6K8TN,29
FDLTO5,65
WAEW4L,92
3T4LCO,82
9HYGHY,28
48E003,15
D75KVY,78
X7DT61,21
M454CW,9
X3O52C,39
Z17STP,50
I61Q6X,35
GPR21O,12
2G4X63,50
6O875P,71
6E6ZWH,47
O79NNY,49
3NBV0G,39
6T35NK,13
Y54MZS,65
4R68VI,36
2YGCBC,11
TUSDF3,98
DQLTH7,98
ZTN3E1,86
KYQ0XS,40
FCNV0O,51
D8WP5N,3
DI5VGF,99
N65L8B,45
7K2MNE,68
7O1UKM,32
UR9M0V,54
K477VU,89
CMGYU4,83
2CROI5,93
B5YUKG,50
9JZ0BX,64
W15NGX,97
1C14QF,31
QD0DLU,45
HP6QE1,65
PR86UO,20
7ZANO2,54
A04MCJ,94
U9A9N9,23
QIL8BS,34
HJHMJL,5
NUW2MV,90
D55NS6,8
4HLMQD,79
42TVSJ,6
0OENSR,80
WAO8A8,9
7IY4MG,9
CFZH06,54
1UYXYQ,13
N494J2,48
DSJDT0,89
4INXTO,42
NFTD3S,17
OUU7RC,83
2RQDOJ,62
LZYQH3,46
TGUJDU,24
NU1WVC,75
CV1B2O,34
2FLW3Q,99
C6VSGT,79
97B6T5,16
PUH5R9,25
0OH5WI,2
47FDJF,83
ZBTEAI,28
1ZA1OO,99
PCGYIK,0
M070SI,88
4LGEW1,6
JRXUJA,2
MB1ZW7,25
WWMKFL,30
6J7BRQ,78
XIG23M,35
VBQ3JA,75
R7T6TE,24
VH3KCJ,33
5Z5Q2G,52
Y3RTRM,69
W7KG3C,21
HOGO7R,69
96ARU6,63
1MRGCB,60
GJKBNO,64
65ZBTC,31
ALFEAU,88
R9XIMA,34
ZFZNPA,62
KOUFCN,0
96L3LV,54
MVXVLC,81
XNVB9B,26
1X2K89,82
EOF6XO,3
MKISMU,34
R7NXPN,39
FSFEA6,60
CD8HB7,83
LWNIUI,51
77ZFXQ,41
6WRTI6,90
HQEHG7,62
OJ7075,60
921046,54
ORFRHV,37
SA55OI,47
M1OZB8,100
JFZ8Y8,11
23PIBI,50
P4T3JK,40
96OGHR,17
WGHVKE,20
0WSIQL,73
AMFNDI,76
6BC5QL,65
HIW17Q,75
NIHIXV,61
Y9RPEH,5
UXUF89,86
W2QKBS,68
8094PP,67
JSL8JK,53
3N9ILU,66
VXWA74,2
UETHXO,89
B99KXQ,61
AHP0K5,100
2A8NBZ,1
Q5BJ4N,6
7OV08E,93
AS3CVX,97
P9DIFQ,87
TNBCDF,21
NEKXLI,56
FTQOPM,40
64PVKQ,18
T10OB8,62
NDXM3P,86
PDGOJV,77
LF3KZG,91
VJWSKE,23
JNJDRK,73
LDWG0U,63
SGZ6OO,35
NBYMJ5,8
4OG3CC,97
OYDGNV,58
TWEUL4,88
3FWIIH,64
4YVEOI,8
YVE5QA,96
V7BKJM,31
FFKCT6,35
GJF4V5,32
46GJHN,83
HH2K4F,80
P6TNSW,89
BQUKI8,9
MXVSUH,55
Z2182R,49
K80QTG,83
WDE913,70
J4TSQS,79
BOXVGG,41
AVKU5R,17
LIBXVU,64
I1TUJT,52
6GT634,80
LPB8ZA,16
8QA6OB,91
AEROOL,93
7RUN27,5
1O6CYR,24
CAFG0J,69
Z9N1U0,12
PNIZ11,41
PMPUNG,13
XDJ5YX,14
3NASDK,69
6GRVLB,39
ZFTFVG,24
GYY0L3,92
RA96P1,85
0HFC1S,68
BXYEZX,14
5AMSYJ,26
S2NSFW,44
3PZY5D,9
8R8N42,2
RKPPN8,43
6T6I6Q,37
MAXWFZ,55
F6I6KR,98
1SL9P2,43
CPNHWI,85
BTH7OG,0
UPXEY3,26
6WGEM7,71
ECRRYV,19
H0FBFS,93
DKU138,8
SO861S,48
OTM4N7,90
7712HP,6
0T3PCL,95
A3P0Y7,93
W6MVX4,66
7IB3UN,93
S66I2Z,52
KMBYXC,30
C19AFF,17
9KJHB4,7
2HKTD0,53
B6MJ5D,36
L90WWZ,29
SRVSDU,100
2GO23O,28
FBMVNT,94
XJKJ9U,57
D1ZV7K,44
X153P8,99
K5K0FG,96
ZT1M2A,33
9THUSL,57
I3V3RP,34
58TULB,31
KUX3M1,5
WBKHF9,61
T46G0M,43
UEGA9Y,24
S8CXVO,61
RV2DU8,94
JSC4UP,10
YS091T,56
N8NYUK,70
MAVN72,13
RDPDJ0,58
AU5S2I,74
5UWAP0,60
AP3HMP,38
3REQEO,0
5UX0EU,58
R4ZN7K,33
5TL9BC,8
6ZBDPV,70
PBULBW,15
SKFWY1,91
XQ1PQG,26
ZEJAHH,58
OOKVUK,98
9LA3HS,75
5A0O4N,0
0GBCNW,2
8FP0HW,49
LEXS7G,33
JHGV4F,76
AC4G5J,68
AUKRWU,45
QB596K,46
HF3PZU,75
2ZTZSB,23
SE3GIX,52
70P4BR,71
GHNLC1,5
GH2VCL,54
WUP6FE,75
AGRWVM,27
1ZUROC,34
6Y1FXV,42
I089TN,39
3UMXDD,56
I5QMFW,52
SCU43K,14
DRQ9LZ,50
D4YGPO,1
4CBZ6R,47
9VTHWU,64
H4BN3A,25
VSTAFK,56
35SCR6,13
4XTJHU,69
U8NYGU,26
5Q34D6,59
HWQLQS,20
VSEHPN,37
2YG1LU,26
IIL41J,74
SOYY9M,89
R8SOF3,40
79YK8I,59
EUQKTI,95
B3TF1E,42
ZY7WY3,80
Z630C2,21
T9EGS4,61
4E09HR,85
ZLIY32,60
IXO2KY,77
75MZOU,10
ZTVT06,18
RSZY3B,8
HS8Q2H,91
8CHX9G,96
7XE4UF,19
JKI6MW,32
IA244R,59
SOT2C1,62
APUTOO,72
8TKHCE,42
X0RC9A,51
PRFRKB,79
ZYJ9NU,91
5BIMJW,83
ZM0DGU,32
6CGCDR,99
EJFYRO,0
JDNU8C,10
27FNFA,28
4RDIRZ,17
TO6FRP,72
SL3AJ2,94
UQP2VH,23
9REE96,63
J1OW3D,59
X91IYB,10
TWENX3,12
H8SBER,54
82W2YV,44
N3SWNW,94
RTQLBU,62
KURBKA,47
830N3G,28
ZDG4QX,0
7CHBJO,62
MBS3R4,40
5EKGW6,21
T0IJ0Q,99
UYYH15,80
SVL2CY,52
XCADFR,48
5HDSDW,5
QC3DMX,99
PWCC6Y,35
2NZNP4,60
AKMVFA,11
EOHUJP,19
RJKPA1,69
GG9RM4,46
VE8Y22,36
UBYDYZ,96
6B3FN1,74
XNU16Z,51
5M4A6Y,11
9OFNOE,48
UTTNS8,49
KMY0AG,100
UKPSQ6,36
3XN7V6,38
TF1S88,42
WJJ9Q3,100
E9KZC3,31
ZGE4BJ,70
EOJ0ON,83
LZJ7K5,63
RPUKCW,15
W8U60L,46
K4GGIJ,63
ZEUEV7,20
OF3EJ0,5
P7WAEL,89
KFFXJB,38
IC6W1O,100
2T5JP4,43
5RXLIF,82
6DM8GS,89
4FQ5WF,75
Z9T1UO,82
G47A5O,52
8QN433,97
A49M8V,31
L0948V,11
4S44KX,28
7IUHS8,70
50YHN8,81
NZ0AU2,93
KLXKMP,7
ZNJTTD,76
2BKBO4,92
YHHU4B,75
YZA9HI,10
FNLCSB,80
N260ZG,4
OUF1TE,99
WKC0K2,90
NAOAOP,29
D2U3HY,72
5SUQE6,71
B9DTKF,37
WCJ5L2,29
RL5JH6,16
2M6HTU,93
IDHHGV,92
JZ0L7P,66
6L16S1,69
ZEFP7E,49
X8M4QE,79
ZTTIEO,1
T6CD4H,99
1FUVKM,56
PC1ZZZ,10
32K0QN,88
ZJG414,17
YHI2ZY,41
EFVJYN,31
JIKFRV,15
MH9GFZ,91
D5UP9K,100
FCUXAS,37
UDVJ1A,85
Y7UU14,11
5O5HTC,26
B0ARE0,11
ILKBYO,7
LZJION,92
FFU4RW,51
WG0FY9,61
GBOL2P,51
EHQYKF,7
MA31W5,40
D4KJZE,83
G62H4V,32
MOQYTB,70
QOYE2Q,48
L2MO61,62
WQ5LFW,33
YTY3GL,16
P241QH,50
08HUN8,83
7JTV4Q,2
TFPGJ8,0
E0GBCO,12
CXTKON,61
FSWVG4,48
3M8I5K,98
DXSU1F,36
PMN32D,69
5FJ72H,24
EJ1SUD,27
LWQEGN,48
OVNQ49,54
IVUMSR,56
W6T2L3,93
39GKNK,61
BSYLK3,46
BBR8JE,64
TXFOST,31
0ZWDVS,88
HYBRTW,32
2A1A86,96
IRBMBO,97
HIWNTF,55
B8CS6Q,83
Z2GF9Q,93
P399BO,25
V2WTFS,46
H8O543,43
HE4V5I,88
SKSLIM,32
MZITJD,88
YQO5PI,100
PY8290,78
K66X5E,46
IV5JJG,7
L52M5U,69
75YU0H,24
JFGC1H,35
84809J,42
977OZC,18
BWEA6T,29
QUN2H0,46
6WTCRZ,86
CXEES1,54
IJ5DDX,65
6HH4E8,99
L1YHTN,20
4NMJPZ,9
21765S,67
QGNZDQ,28
2J5JQS,13
LGXFZD,23
FPB2DA,14
JH3RKD,39
J31PZM,33
2B7NRJ,94
Q6LD2X,7
JRC5OF,44
9O0TP7,21
PU1YYR,82
GEBGAV,73
S4NNGT,61
AW0KXV,16
RRAK25,14
IP53XM,14
PE5867,80
G4730N,36
3CHAY4,98
AG97E3,59
WG6PNN,0
C2EZU7,85
WH6H6Y,19
QQVRTZ,18
BE0V9N,83
VQ9UQN,95
B71J63,35
MHSLRQ,49
RYISQB,39
V80PVK,73
NP9VML,55
AHP37E,92
TO4ZU5,96
F9WDFO,26
56XLQ0,52
QBYOJC,27
WQP54U,81
NSHQ61,71
BX4YZL,55
0GWMQN,49
KQFNK4,98
NZBV0H,74
689XAL,56
A1VRBB,87
3QNTVG,77
S5UN84,59
9SDABZ,0
NIZJKW,20
OFTRJL,36
Y9ERBI,13
L4ZXS2,66
M45CK6,89
CL683C,74
3IT6OP,48
EO1AJC,4
S08T3P,29
TBF4XK,86
31MZB2,67
QM9YYM,67
44WAUW,24
G3SNX5,39
CMNL43,5
XRAC0Y,93
CNQHZS,11
6NF0X9,37
D2C3J7,21
3XH4SL,84
MXHDC7,31
OP9O88,52
J8NYYN,20
2TA5HI,68
N7ZNEB,66
2JY9H6,35
Z2GE53,28
BONPOE,37
TAVR2D,29
S9CZRH,19
KX6V8L,44
WW8L1C,1
QPAJ9T,59
4YBW8Z,13
TU7XMY,68
FREENU,27
9SQSDA,58
OK5QAM,31
MPK4BK,23
IUEHHB,68
QGYFAO,98
6TF5RX,34
NAA2Y7,77
WLC7C0,40
IPH9JE,48
FYZ3GF,92
5NK6B1,44
OGHM2Y,15
PKVA1W,9
7FVLKQ,88
PAMRQ4,37
LZYL4G,34
DJEYYZ,25
D3VVXU,25
OV1H5N,5
61F0SB,12
NGOCU5,12
90J28M,10
A2JYPL,47
DIEE6S,80
8ZRW9W,89
0FFNO1,0
NXBELN,59
Y5B0C7,38
CST15Q,85
H5EO9O,45
7XB383,37
4NCN35,73
O6HZR7,73
HAGZ1J,2
GECH1S,56
4USIMA,74
2NBXUK,11
AKID4T,97
WKU13L,19
70CUWP,87
LLCBWT,87
E5KNE0,0
QOYVNM,44
UCW1NL,86
KYQTQM,84
ROW6NS,71
0Z6D1P,84
9UO8GP,98
SW8U6K,17
Y5IAOQ,69
4NU47H,52
S30PDE,92
VLQ15P,32
X96QSA,96
J7NKIF,41
4N6RSS,52
J7USP9,42
2O5E7T,55
44B3RS,88
6SBV15,75
BDU6CY,8
ENVU0U,7
EZOWVJ,34
K121T3,62
98UUJD,11
S9QS00,40
19O156,76
QAMUPK,86
19SI4R,61
B0HE48,56
G2FABK,8
1ZQ4MD,68
HP6MO1,31
LHJ4QH,92
MHAX1I,94
RQQW1S,63
XMG6CG,38
MUF1MN,54
5VD146,83
S3HTWH,50
OS6GV5,31
KAQNX5,57
4LXZM0,10
07CTHQ,18
76RRC4,39
JASSOX,34
HRM98P,8
PY6S73,11
0SJTV1,9
4A5ZXG,62
QE8C8E,10
CEC6ON,30
M6E6Z5,57
QKM7RF,52
MJE6EN,14
8F7RWZ,54
3T6NR6,37
XJ8I32,22
ZOGLQR,44
SOG7G1,68
5H21EH,80
RZOXCT,83
CFW3VI,81
HKS137,54
3UW14T,43
BOY5CB,54
5H2ENJ,32
4ODK9K,3
ODOTWM,54
OVSIQ6,11
ECU08W,24
ZGALCY,35
SHCZS9,30
5A6YFI,68
ELAGWJ,72
LXR5B4,57
AQOKJY,13
9YJ6OS,84
G1X8XH,64
KH113G,87
2M6IX8,54
RTEA7L,40
ZNSEQD,88
LONYM3,7
I36KYC,14
25Z1AP,85
CAGS3Z,23
4FD4YS,51
UHUI2S,74
6T78PD,74
0GKDUO,40
C30QTJ,69
P7B778,28
ILT1KJ,29
15I9OU,68
JXIQUF,49
6J114D,84
KKAO7V,32
YONMTL,29
I9OJY4,47
GLY6MO,54
PBM5Q2,1
77SDFH,63
6D0HKJ,35
KKS35Y,17
1MH6HB,69
G22IKK,58
7VEJFT,17
8YV66O,24
VY0QUQ,75
7CK0FA,30
TOOW6S,56
U0DURD,32
HSO01Y,91
Q904F9,57
RVWJCC,63
COHWRV,49
UQ59T1,47
JKZOKK,59
OXL6Y0,63
WS3649,27
S02CL8,91
3HRRK8,77
ZAJJKS,17
85VN9D,56
405TSR,84
BFFXUL,56
LXNH8Q,33
09SC6I,29
S0GA2I,68
7UEECN,31
COP7U3,35
RE24F4,80
VM754U,17
545GZL,22
NBDQ0H,100
YX23SU,33
J3ED5U,15
Z2GIHN,73
NM6H20,58
7BOWYR,24
I8A0AH,67
1P3FFJ,57
C19VRI,67
F43RIH,3
02B18M,89
LW8CEE,57
WDR8J1,2
R3J9G3,64
1PR8A9,3
7SWSD6,49
SHMRG6,32
D7DDK8,95
57UKEI,71
RZPXI6,44
QJYX4P,33
78ZTMH,38
KEGUDR,96
VPXSP7,77
3KQHKU,52
VD62AJ,12
0VG41A,3
RH1X1W,52
Y7B2JZ,50
MT8606,59
X8OJST,50
UA8RWX,19
FAAU0M,24
1HGD0B,47
TFDQJA,94
DU2FNX,69
DXFAAU,36
XT4FJC,27
ZS8ULU,88
FHMOF2,51
BS14NS,0
GH6QP3,79
MJBX0P,97
S20V4M,20
CANB9O,64
LDXKFV,60
OR6F9N,78
T5IPBY,30
FHBNAI,100
5JFO97,47
PH5R6Z,64
BEB10M,65
O3CO7V,83
2L4OFP,86
CYCPBU,53
SH4TY0,48
21MUQR,29
PKUM3Z,82
06Z0QL,96
FX1CEG,69
QM3MQW,54
JLDZHS,65
Y0KG0U,7
OYFVC6,41
SM7D6T,35
MPD1Y4,46
8KE1LT,98
QLTRT3,35
MVIVBQ,31
DK46BC,60
5NHHXF,59
I3ZHOB,48
1G0P8S,77
UOYWNX,88
IC8YWJ,68
EMUW2V,1
RZOBDR,65
LYNEYG,55
ALNRDR,28
YJXA5W,85
LWTBNE,97
6VFSOM,43
CP1481,55
VCTI53,51
4DRKME,59
UYZRAH,29
IH7BGX,37
56RIKC,27
JMBDZG,39
4L2BQM,40
8ZD7CJ,35
TR2MPL,54
O5HTEI,13
DV21FP,42
QM83GV,56
FFY9V7,99
UG3E4S,51
MXZMJY,50
IUOHPC,99
HNIYD9,59
3ZEFK3,41
KZ4M9R,12
1XDTMS,22
X96IY4,9
LLWVP1,60
XGW2ET,92
QWT4JB,6
A3UEII,27
X8D9DE,76
MI4I0P,35
O9XXXO,63
NHGJQD,40
EOE5SQ,27
FCCRUJ,83
WRUKBH,89
RO7K84,23
LTECXX,17
KU70VO,49
28B5AI,84
CPHJXR,1
E5EW7Q,9
L68ZYX,97
V0NR51,35
N4IM1V,100
HS9ZCH,7
2QH1VP,74
K4F99S,43
EMM09L,38
BFBWRQ,79
6VMHN1,0
7LMUIV,79
RXXI1N,86
SR5TDM,70
44YTWM,44
8OVJS6,97
Y2G93L,95
621JFY,5
6204QC,82
TV9GMI,75
0KI627,87
RMC3FO,49
7EP2DN,25
KLB1VC,76
IN6XOQ,77
SAMH5A,32
RZ51GP,40
4QD3UZ,74
TYVSJO,27
2GUI1L,78
QLXSF5,33
VO6GJ6,78
X742C1,43
P6QKMV,9
FMSXQT,74
GP8HP8,43
KWYSBP,66
LGS3X0,95
T7KSLC,22
00045S,18
YW501A,9
H1CKRD,28
51GER0,35
F1C70B,41
CQT0EW,36
JPLFBL,43
6K4FZI,51
049CM5,19
P0FWFU,53
GJIYNM,99
L6TGIW,1
68B8F5,87
V5GU96,90
QHTPP4,87
33JCLV,63
F5FW65,95
KPB78V,15
XBXI0I,19
Z328DG,79
RI9KAF,77
0RQUKA,66
ER9P0I,68
RSKSU7,69
K0G5LR,67
4AJFGN,63
J2XLV6,86
S9O1QF,93
2MZ7GT,18
DCOD1P,33
KUK1HP,66
AWFTFU,73
MDAAHY,18
2Q917F,47
YQT0VO,58
0E9MD3,29
HNXHEH,1
A5N840,25
IH2AZ7,49
HG410A,22
JP7MDJ,4
T4TXG6,56
K3SK2G,55
5LZWVJ,81
KI6WHV,53
9KKLEG,32
T5YOZ1,48
67LAE7,73
4KVCJ1,29
KPP48Y,16
9MQ7NM,73
SI057X,9
843CUG,25
RN9WJZ,17
I3GQET,29
SKAO9H,21
UB0VTJ,69
HR110P,31
CYG9VQ,11
4S0TR9,6
0CYDWG,39
YW97Y9,25
YSBWKU,59
MSGUOV,81
PW50MV,94
2N6AX8,10
HNEGTI,48
JK8MJY,64
G7U6ZV,90
SJUZ4I,79
05PBGP,41
R16YKT,3
7RHVOS,27
GTB7YP,3
7OWPGO,96
0T82HB,86
3WT8S5,17
OJ9MRS,37
YRYTDU,34
IS2MT9,70
IIN639,0
VMG83T,10
XX9YCA,32
0DPDUK,65
IMZBC4,46
LA57IW,65
UF252T,73
7J6L1O,4
3KTXHF,21
PQLZ4R,9
EZAEFP,52
9IVUXS,15
8A5O60,77
BFJL0R,48
PQXM63,46
0ALPEC,78
PD1HZF,60
B7H9AV,13
OXXO9T,38
0B50GA,89
EQYGP4,86
ZUTL9B,70
5EHCJ0,24
UAD4JI,18
LINUK2,17
DKP9J2,80
XM3SHR,98
MHWRF9,86
2P20S0,33
ZYEW3F,58
CP8KGH,67
ENNSQ1,7
MM76KM,8
H5FF3H,8
2C3P1C,49
UWCEEB,54
54KTM8,92
K8MB1D,86
LH8BTQ,14
VWA8W4,62
YIISTQ,50
JR474C,62
96TDBR,33
83QUPK,31
SQ0G7N,36
GRKC3S,71
Y1DG62,57
WS05MJ,33
IT6NYD,88
LXYOE4,14
BOJTXO,6
10WBAD,36
BN9AZ3,83
04WL0X,36
HQBQOR,31
FFFOBP,76
CKZ229,18
U6YTR2,47
ISWDOS,45
DZOACI,68
P46997,96
I8QLCU,82
MG8KM0,82
L3FBPV,36
Y1COSD,50
1IYN3D,37
R4K0Z6,39
CY5WBI,100
MR47DI,27
N2QG1X,20
AMRT6N,82
4FI4KO,93
FMN380,20
9FCLTF,69
PHBRKJ,31
XR9JC1,93
JQP6QA,99
0Q00RL,89
USFWDE,93
PQRWVL,50
9M01OO,88
2IXX4F,68
SNUP97,96
YLBJZ3,29
ARO6O5,44
JDZ7DR,24
QZA74I,51
Z9VQ66,5
EQG76O,17
Q1P03S,82
72E02P,43
4HGWKZ,11
P2E9PG,47
QR5R40,62
6QW2XL,20
LDF5ED,81
03YN1V,96
E40LE8,52
TWOFKG,35
DQYTYM,23
FRI56Y,19
047F55,35
ZBR8RC,68
DS54IQ,91
OIHHAF,35
Q0JLBM,99
9O16W9,44
VGSYEJ,70
PTAGVW,71
9B8BNW,13
0YHAA6,18
ILTRRV,58
VTLUWT,44
KZHZS6,19
FIVVYP,73
JEQOHU,52
HGAW54,63
QIDZF2,22
WAW19V,92
BM93HB,89
81EN5S,38
FS3712,30
QQ9YZW,38
EFXTUP,21
6GFWKG,25
DZTR7T,20
WQWZ57,46
L348ZC,11
J8VT2F,30
1QDYCI,74
QX3XU9,25
A6X3YA,57
VXAON8,49
AB7V87,88
3W23NB,76
M2AC5D,77
MHTU00,62
ZSQDDU,65
NJQF79,49
BIFMD9,96
UW6VU5,56
TD0G07,44
9MK8OZ,95
TE58V2,64
TYEDRI,6
VSALWY,34
L2GDV7,85
1N1H2Y,5
KMVY9H,82
GK3UKV,47
WUXDIO,34
YDQIW2,57
D2HWUO,2
01AG20,99
KJGCIH,9
6Z4L7M,78
T8GHIC,32
L3464Y,63
TK7L14,56
KY9501,58
5F0DMJ,63
WH6SKS,57
H7WJY8,64
Y3WIJ0,35
X4KNQO,81
G2P0A0,21
0GPA27,35
Z4VWQ2,64
NC24ZY,79
XJ247Z,52
W1H039,41
8PTY81,6
TE2DBS,27
NGWFLA,9
USSEPT,63
TJP6DP,14
8YH7ZY,75
2UTJCX,37
JANH18,45
ATNE16,67
3VU0FX,87
A818JN,75
R0ZSDJ,31
UP6W0I,24
XVDZTN,66
RA8O4K,10
HAMI3D,4
66A424,60
SW2H8G,97
6DGRZQ,20
LCLE1Z,70
KH6BXA,63
GGHABB,62
Q4N0AO,99
6BA7T3,53
79AA3D,95
KATMST,99
U1XEA9,26
I8IXS2,74
KQ7W32,65
7WNLGY,41
2H96J7,96
ELQRT2,68
CXCGOV,60
KHAB93,96
TWQ28G,44
PT496C,22
7OGF8F,97
JO8RUL,69
O8QGCH,16
LBYYBO,92
JKD7LJ,86
2H8TW6,19
658T8Q,10
KG2O1L,57
2VEPVL,50
3UE4C5,32
5I6X0D,41
544Q66,86
7LYTJE,80
J2C5IW,20
1FF959,18
YSU6LU,86
AIZ79M,8
PMMWFC,34
EVBR9X,55
45XO54,55
ONGGDQ,44
7L1B54,17
X1BXZE,90
DJUMSV,76
134QLV,31
CCLSB3,75
JTZVBN,26
IJYQED,23
HR2MYF,13
Y18OAU,4
G75ADS,78
DPDH20,98
BXDSU6,60
9LXG7O,83
EQDS70,20
PYVEXI,41
HYE8K5,23
QPTL4A,59
QKMXJG,35
RG7ODO,90
MIIDJS,91
YTDHM1,18
8FX7UI,25
SY3085,25
YG3DPL,33
EJR4YW,13
S6UV29,87
R9Y9IR,14
O53K7F,68
2F968L,50
3RTAX9,76
CO3GVU,2
KL1N07,95
U0N9JC,77
WEIKCZ,65
Y383X6,48
MY76XI,7
9F2E46,52
EHRNR9,46
UGD8KE,78
YL7OAE,89
0CD87Z,96
MFGE5I,41
9ABL5J,20
Y2K3P0,71
SLCMJQ,46
EJYWMG,54
VX6FPI,51
A29S2I,1
ZJWP32,38
VNLV34,21
WXK67E,18
F0V5IG,62
IIMUKJ,51
ZTUU5P,27
JLBH2I,15
I3PFBZ,9
D9WVR8,52
CT9FU2,43
2CO2YN,66
ZTB7QD,61
AOGSAZ,8
AVQV4G,23
A51IXW,99
HKIJHV,70
KBF8IW,61
HNNUQ7,26
VZXRZQ,46
IFKRJ3,43
UBDW0Z,36
1G9GR8,69
24WAKE,25
33PXXG,98
228RP3,37
BPTLIO,34
TNIXJE,94
W0VJCG,42
BGD2PS,54
3AIRB0,66
E3BMZG,83
L4V083,96
JV10WA,36
D0N0LB,86
GLAX1Z,26
JOWM8Q,91
64U0OR,96
IYKUWN,46
ME6GNI,48
SSWAGT,36
IPL1VY,58
WXIBVI,28
61YZ4V,56
4RARTJ,94
H11YSE,25
RCFKSP,53
RRV5HY,28
VASW6N,73
Z00BE1,82
XJWJ9Y,15
T41B9H,95
F5KZSR,98
CV7MDM,23
34MGET,42
J18G8Z,82
OBN9V9,41
F5E105,34
B6874U,6
C1LNHR,48
8TSTLN,87
SCJMOM,51
058JMU,89
3XPWLA,43
A4FBPM,56
UA0E49,88
Y2ECAY,78
5ZFYPK,49
PQTI3U,25
EKPKTX,90
NQ3DDE,28
0TUREF,14
LB49EN,57
A5LUCI,31
5K3V5J,0
L8ATZF,62
0JKZWM,8
MEJM8I,79
3HS7AW,53
U1EI9E,92
77QAVI,49
5CEIUM,59
BZK2EU,91
CG4ATI,35
Q0MCTQ,20
O0YXD1,16
C0P7SB,25
SZIY4Y,20
3BWJZZ,21
6Y6BJA,81
38I3ZE,38
WL81KO,84
N6CYT7,50
A4Z6SQ,43
R0LGRQ,77
356WY6,54
U2RO86,80
1L4HAL,12
WWVXWY,22
PI129G,23
L41PKL,46
KM9GOE,90
HQ5YXO,16
MGU2Q4,61
L1T8PB,6
VBAQDW,96
TYEQND,88
4NUQ61,23
UO11FD,74
M7NX9B,57
HOZGWF,46
FPLCDY,47
7OC98P,40
IB6XAQ,67
28BGKT,46
MZN1WI,86
JROFSO,93
YT8AUZ,1
HG2Y58,3
55TK25,85
EZ1MFM,28
MG4ZLI,94
5O0C5X,47
EM1M5H,83
8ZVG75,79
WNIE7E,62
AB6ISD,79
2L8UYU,46
XF44PJ,11
U46YJN,95
OC9AMM,77
OM4JAW,51
KGFR64,50
0ZZOQL,48
WH9J3G,27
W0YYQH,59
THKV1L,2
MB2LQ5,54
Y8BJ4G,24
PY3I2M,16
MN43XT,59
E6ZMBK,81
W07OK8,61
O8NZEY,100
KPIXZE,36
7CKEZI,55
DFING0,71
4JZI9N,95
IC7Y2V,92
0OJDE3,28
2CXAUX,78
C8PZFE,22
YS043M,58
W57PE5,95
BKZKBG,95
QAN5FC,20
6XZE5D,72
AR6TNR,85
8MAKUD,89
670URV,19
WV4PK9,94
8PJ9TL,3
12XIGL,34
Q8L2Y7,94
SWOLD9,55
03VWA9,2
B67QU8,83
B2HRJ2,84
YGOCAK,59
YYZ1EK,93
0U2B84,62
YESX6Q,98
6SW5M5,39
LALZIM,40
FD5RWE,47
KDTKVS,35
FGRKFG,6
B3WBRV,39
YWIQFV,58
ZJ58KN,21
W8MFSV,32
0TIPW6,80
PMWZAH,8
I81HAJ,96
REZSGQ,70
SU81LX,69
95VZ2P,93
MX4X9N,78
EBBWVD,52
RNI2A7,51
E304CH,37
60S53I,4
MB9Y8C,99
CQTYMW,37
WQCCIX,19
W14PHR,57
ZD8ZA9,22
F4CZWO,30
RYOXT2,42
QJMKR8,80
MFT9II,62
ADHJ8C,31
KQGNR9,31
N5ZG64,85
ON2PRX,94
R40HGA,28
QRA1OZ,57
0SF96R,65
XQ4ROH,52
RORMVZ,30
IOVS1O,43
D119ME,58
7XYE5A,23
DSXOCK,77
E6HODL,26
ZDTBMU,3
CH0VU2,30
AHIULS,77
W337JK,32
WK0FHU,85
MJNCV9,78
5UWDIN,76
WB5XGF,43
B0JUQ8,67
YAEQJP,43
Z354M5,41
R4YWDR,38
H08184,85
YL6SRZ,11
D76L06,81
4YSZDL,69
H85FTX,27
U8OFDO,27
6HQ4SV,57
ZXRIG1,56
T6NASJ,5
LXVFP0,97
QIVLMA,18
O8492G,55
TL4DU6,95
PP7VD4,16
MJI0X7,52
9UL0WF,22
E4DBQ2,52
094OVH,62
32BUZY,91
KTGHFZ,23
TZIZ9H,38
H230Q6,96
K486BU,28
5C90CY,0
WG3JDN,32
1B0K0J,3
KX9B4H,80
7PR85Z,25
DPOF90,65
2UNZ38,33
C30SLO,25
JBZ79E,65
4JSUQ1,44
DPICM8,39
DX4FKJ,18
G2100A,76
3T580T,38
HWW2Z0,91
W7ALGL,86
8U2ACJ,89
HPJMJ0,53
9DSXXX,1
CLPF9I,13
ACE10O,39
QFWS2O,81
5BC229,5
SD8BRB,4
RVQJA7,6
W5AIDR,11
2GK7C2,73
FX8GWO,59
Y2ABR3,43
VWTDCZ,69
FFRHB3,81
4SR3OZ,35
URGQSO,80
8LOURF,46
CLUMNK,7
RGK06B,61
XYSI1L,100
FHO9MW,33
R4THZG,99
DSJTW1,55
EA90KU,60
APHBYK,94
SYKF15,41
NYPXLB,67
LW538M,49
U1SCUP,86
N8LR01,0
IAV620,6
48MIZI,81
3PLKP7,79
7VAY1D,30
TEGJJO,53
ZQXVRF,79
HE7JFS,54
PUZFPP,76
ZH5T98,73
IUDK4O,96
U971XV,59
1ST7TI,98
CKJ88C,37
ZJ6VMM,65
Z11RMN,17
0K4L8U,22
UQEYSO,59
OTQ6K8,35
BWRIGY,47
H8SU24,76
WLXFEK,36
72FDS0,36
RWEH5K,25
MIA98S,17
ZQLJUR,17
GG0WNP,49
A8F27H,42
X8PS15,57
YF4Z6N,44
JU38E8,23
U9W7E8,40
SLMIU1,58
1XVIRY,72
8SI6RU,29
DX7NLG,24
MNOR3T,51
E391A4,92
3FY78E,82
5NIHFC,80
4X6RP6,94
GDKHK1,97
VT58DU,1
MIP9KT,79
GL0YL0,77
7A8NMX,55
D6J9O7,45
RV6V3P,19
9MBED2,71
7LQ1ON,88
OJE81K,68
S4GFZK,29
61F1A8,39
ASUB3N,44
U41MNJ,66
03W9AK,91
CQRI3A,1
DTHFRQ,13
E3MB7B,74
U5M291,62
D8VU8P,86
RPY0YH,59
XZWFR8,11
FZO2BX,22
STO9FR,70
T9C8BK,40
9LBTJ6,24
MVJCRR,89
9WJCKP,56
CY81VV,87
ZB4TDJ,48
3A4802,67
EDBHZB,16
QTW9FT,63
JY15GT,6
Y07U7K,27
OWH6PI,84
CZMFEJ,96
XAS61J,12
6HDJ08,93
H91QME,16
7VRCEW,15
M2EZQ5,25
LE8WVL,51
FYMKO1,9
NHUG5W,82
VDC5IE,58
R6N682,33
QLQGLT,62
I8HAM7,73
8XOYYJ,83
MW0MST,7
5T10K4,83
DR1V2S,39
YLRAEZ,21
DFNF6U,34
JISMO3,83
3PT8LH,19
I6JHVN,24
XGZ4KA,18
EXIE2L,27
LTZVKW,67
64P0YP,1
4PTRZS,76
Y2UIRK,37
E1OU9Y,84
3CYSRZ,25
XP15Z5,75
3BR1GO,57
Y9T80Y,57
JP691X,98
VRU0NJ,17
ZSIVS3,2
BJKWG7,42
1FGHBM,10
ROOAN1,63
UIKTSB,71
0ULZ3J,75
04F4QW,51
R8U11W,33
FQ7AB2,7
ZJRY24,84
KEHF8R,20
MLK4YS,7
S59GLK,29
HHGO5M,74
LYTFBQ,40
OINR9K,34
55BLAN,10
33VX96,50
2T83IN,65
13ZGKP,80
B51335,87
FEJO8H,29
ELEZ32,8
TL1WKO,29
JIU8JN,8
DY6SZP,68
NE46YI,38
AK571A,11
JDKSYU,38
QKXM4N,57
NZI7L3,97
6PBRQN,72
6CD7TA,51
ZY59E1,70
2JIQG6,66
D8X2MA,79
2U9I7E,89
SHC9CL,38
UK68TB,33
NJC7RF,14
XS0XQI,74
RXS2FB,73
FY9FQM,58
2HNHGQ,76
M93DIZ,2
HVH982,54
N7BKGQ,91
Y3G2TJ,93
X8CWCH,15
F9D7FV,44
OFKL6N,10
IP65KK,53
8O5OQR,25
6MP25A,65
6J49LD,42
DET9BO,99
47UR4G,80
FC2QBW,16
Q0MVGN,68
XQKYHP,92
CGYP79,84
ST15E9,34
A1QR6V,2
D48ZRA,11
HU7YLY,62
SG1ELB,34
QDQKZA,54
4C646B,58
3HSHV9,25
2SEI2R,11
RLD0KA,98
30OQCT,49
LBJCHU,80
G0D5NL,94
XLQGT6,21
64FK4T,61
CGMZ8E,2
WX8PKS,64
44FGI9,6
6JG3Y5,35
S4SPZP,53
4EN02I,7
ZJ60JS,67
JR28OE,95
QF8IGG,63
T59OKT,70
YTHA0C,98
IY1LD0,65
NTNYIV,72
R4N522,20
SQKKVN,71
TE2RKQ,27
E93FQS,14
6N3XE4,78
IMVFX2,47
4X67OJ,64
VKABES,11
U82YDD,37
H1CDOW,25
TU759W,6
1UJQS9,92
9LT866,11
A6WWZT,58
NJ2GUI,77
Z24MNQ,1
VICZNR,29
P3HT1D,43
LF9OH4,5
GVA80B,91
2E0IUF,51
GPNDHX,5
CCC6BF,85
P364VL,80
U6DTTU,69
Q3SVP0,44
KMQF3F,11
LE5QIB,53
7RQ2EM,17
W3IUIL,80
7VJAFR,67
PYXREH,69
VJB6KA,7
IZ7DL3,37
UI4CHG,63
RRWREY,35
2YYK0V,36
A7G5HI,63
O8ADTB,61
YDH9B5,94
YSZLEC,87
13Z4NU,27
0OM33R,88
4Q1BFB,57
VT2YB9,14
ZKSP98,68
956AA4,97
6S9CP2,36
G9N76Q,4
RI5STI,36
KKWN0R,59
DSM517,27
AQQ48I,69
0X7JCK,23
EF2NI6,45
73MVOU,7
99ZGRS,7
POACU0,68
ZY7C4C,86
WA5S9V,34
23S60Z,13
6TPG69,13
GMFU2Z,2
G6TBGE,50
39UHT1,31
UAC4LF,81
RTZWRE,88
1PCA1F,69
T22ZR1,84
FRKK92,100
O6LMF8,35
ZESBVF,43
GFW1DN,82
2FJNJ2,22
UL89WA,13
YN2R8D,7
XPJCDS,73
IXHPTP,95
IIOZ3O,47
G80U5R,97
FCRHO5,86
USCDEL,14
3CJ0WW,35
C4JVE2,70
DG3H6E,94
441V39,99
GYYT54,73
3HOU36,33
T9S5XC,72
3QZI84,1
T79379,14
1II9CW,84
RZP9RV,86
OBMBAU,49
SHR7YG,81
63C19D,11
HFFQUC,73
CFINA5,91
DSAPGA,42
HE9J8W,11
8E5TZV,62
JZS5EG,23
KGYIRY,37
B1AVVH,23
7UWEPK,90
UEGYPP,80
73FC1V,5
8JAVUH,50
MLE9AF,95
I1Z2BH,67
SN0ATQ,8
ZEZ9EN,94
HAATK9,70
CF34IY,38
QJQC9H,62
E65JNL,38
2UEGLV,99
P0FL7X,78
D5IATK,49
YVJRV7,83
TSM8JO,12
IALM7L,19
4NKIT5,56
23ZSBU,6
UBM4DK,4
N9P06F,43
54141A,90
JKKKPJ,60
FA8NLZ,0
FNUBU0,79
EV7X1U,41
RCESJO,19
0JEMI8,98
TH902I,34
JRBIW6,88
138VS1,54
5R1178,51
GK3SCG,14
WSB6J3,24
U0X0KM,42
LFSZKA,64
LU6QTM,73
4BL8EM,70
AB2OV0,97
RLSLSW,84
7CX7VM,28
58SC11,6
L0ONCO,43
PSWYLT,48
GFJORP,7
Q02W49,54
9Y70WO,76
214C6C,24
2L5UXN,24
JDMHEW,33
KAPMVR,45
Z0XYKV,95
E9V8S3,8
DVGHM1,34
PNI75J,78
T5I4B9,36
LABHCA,5
JLHWMG,55
E0LU3R,55
9KQZZ6,81
F0VRYH,29
7J43IJ,31
RL7PMH,47
SPWNCM,3
R1RGDC,47
SXW1PQ,88
6KJS4H,84
GYT1AB,79
0U9SSQ,52
3O7KOA,3
L3YKLV,83
5WZYS4,100
IE94L5,56
TJ3HW6,73
APQ7YI,92
PY83YC,43
YIJ2Z9,94
5L9EVU,12
OT03FQ,27
DR1NLU,25
OTZL5D,28
J9NUOH,71
DV0TJM,5
CURLWN,3
ZUCKLM,65
QUX51S,53
D7G1DI,72
ZNVWMH,91
EM6ARJ,52
G149K1,87
E32Z4B,25
GKM1XF,15
T8XP35,73
2BOZMG,15
6HW3AY,9
B96I4D,13
XT8UKI,86
5HJEWQ,26
23SYGB,25
AG0M5N,54
P1ZMEB,73
8R91M4,45
TEWEU1,83
KRFFVK,59
PU5BNA,56
XCDGLI,77
NHE8O3,46
D8P9QY,48
KNQ68P,43
V6C0LU,24
KZBHS2,39
ICZ6UN,95
4GRXWF,44
0XZ8RV,52
VSIT75,36
OQR717,67
QIG9PH,2
2NFVT5,2
GR8X31,30
UL24LI,76
2C6TJ0,89
IE4UH3,78
309JAD,73
WQTLVK,86
955ZXG,77
92WCHS,5
7G0HQV,39
96C4S6,62
B6QLPW,65
GT07CQ,36
EKDASO,30
4V4W94,5
YPDALR,68
CU6F1M,17
3TSAF9,45
TZZ4JU,64
KMIDC5,0
Y56RXR,65
G7KT9E,82
Z7F4MD,14
QCKHF4,21
LPBN6G,98
1HCZ5U,61
YK5P7S,83
17WRTS,85
4NLH1E,97
HGH2F9,58
QQ3ZD7,32
P4YFQ4,78
VY7I4I,8
P9ZBEF,93
9SA1BN,85
GPANW2,30
1TO0AH,2
9YWDQB,8
8FX077,93
JZTBLN,11
B5CCWX,68
EX1ZCC,2
C0U7VY,56
SC5BWC,14
SSHNFI,89
7CJJAB,59
BG89QI,44
7UXGRD,12
W6UTDU,3
0XK2TK,31
TKIIPX,10
PXFKTK,94
331203,31
2390CU,22
C4Q87P,19
L1JBED,89
D1UZFS,3
ZGXOVJ,11
3X66K8,46
DRGY9P,41
0A8OD5,61
HFIMHU,45
1YEX70,11
MT4NQD,50
34EBP3,73
5NMU4N,78
55WYNF,11
051KAR,58
WZOAA9,57
BQ09MO,77
SZHS0M,79
RDQNNG,25
IPZ5X2,80
XS3CO2,72
OOU3LZ,27
XNI66E,15
25SQUF,27
GD5GTG,51
E59BI8,80
BP38MC,63
79RG66,7
QRH4LN,83
TU1VDC,92
XWMU7Z,38
2HOIX9,34
Q8FEO1,73
GULHKD,5
YSM1EM,42
WZCA0L,27
UXAWBW,11
TXOCSV,65
VTHAC8,88
HO69VW,70
NVGI06,54
KD85X2,55
G12FTH,79
HR8A87,40
RKXD57,78
PCOCMS,50
1WN8P3,98
0VQUWA,4
Z9TP2U,93
9OH1CV,42
4V5PFK,36
L1BFVV,39
L6VOEM,73
VACGFB,94
UU3ARG,2
XX8AGC,49
W2FCJI,96
EFUAI2,54
UL6TLN,25
AOD1F1,100
H3N2I0,71
RBQJ64,100
5TWGAV,12
MX59LD,71
QU2HJL,88
YKUGCB,2
V8FG63,15
EBG9LM,31
2PEDVW,89
SZYXH8,98
1NUAVK,80
6TMNUI,62
XWKW4T,48
ZR4MUN,16
3DDTQW,26
KL158X,65
G62VT3,29
RR2UGL,93
84FUHM,21
D38KDR,64
CHHPLA,43
TX6TAW,75
HAFVIJ,50
7EUBKQ,33
IPIXCU,48
PQCLAP,14
MYXPSE,10
QQ5PYF,45
YHU9MD,2
ILG4EF,62
694JTN,59
N2QKOY,71
C8TI2D,3
M1DXHB,18
9W3H6Z,80
ECU5L4,57
WYDEW7,68
4CVUUV,3
7D8Q4L,64
T8TDMQ,90
32U8O1,73
LX8R92,98
VQZYRS,48
7FANVJ,86
A0PUGR,72
1BCW3M,18
N52M74,81
I1ZQ55,83
S3BX1G,46
GESOI1,28
LYSKKI,9
8S3ILG,71
WO9G56,26
XO46B7,20
H1UTE8,45
Q493B0,40
W2ZKQ3,0
9UVOEI,33
VOP5NZ,89
NH0UO2,56
KF8IMG,31
X1F8L7,8
R2DZNC,38
LVQLAZ,35
711HF4,85
WG38OB,20
G1WZYH,25
TI9T7I,89
RO9B59,35
ZAX4QY,42
PM9GBR,62
8Y2DW3,91
OUZ2XS,16
A5TQ41,79
U7SMWT,21
IJ2A7P,63
EKLFEQ,39
7GKG5O,47
5P9RTL,99
BWA1AO,92
XSQY40,24
Q15RJC,91
0MWZGX,53
9UZ7OX,55
TFL459,54
MZSRA0,67
1BXNSW,12
GY877B,72
KKKYTN,34
KLSAAF,86
LNS44O,69
AOK8JQ,1
5Y5K83,15
2MVM5Z,80
OBGPYA,33
48E4KE,31
OHSLN8,84
IRX80N,60
CQLHGX,0
YA4SQY,71
6FUNGV,56
M4ZBSE,20
2Z224S,73
UB0FY4,88
Z90790,18
N72AOB,98
7PBBWB,72
ARB7MS,59
KZEJSC,42
LXTKJ1,59
X8LKUO,75
F2BROQ,9
H0CW78,49
CMBDSZ,88
NTWNWC,63
7XX2YO,74
0G60P3,85
HBNVRM,50
ZOQIZD,87
HU06UM,97
A9N9K4,100
ILI832,47
5BU8GV,59
1T24W9,81
DLTNFA,93
1FL9Q1,85
CEJV8N,39
EN66D7,11
XST84O,9
WI59JI,24
7MC1YK,99
D0VAVF,91
PKH26T,20
YJYCQS,24
HQIFIK,54
MN06RN,29
X29JX2,28
PJSOST,66
JBG9ET,74
LFPHYH,8
SEUEPQ,100
6QCJ1E,46
GS34SP,59
KHGBMT,30
JAART5,13
O7OVGU,1
J9MMXN,22
ABDID6,31
KM7LV1,84
FTGGGV,73
DKUIRY,46
F2DFMQ,63
OHJ0N8,92
9OTDF8,21
W8HDUL,5
Y14HWX,88
IPKZMY,52
ZVKKQS,99
WY5NHA,69
SKPT64,46
1EQ2AV,45
HWDX41,38
BZ6RM6,55
33TT5U,68
3S6X02,9
YJASFK,80
M4ZYDF,79
3PVZKW,86
F2SLFP,18
2KOQU4,31
XNW0U4,60
PE4047,92
GI554M,20
FTPG1V,47
SS370E,68
WJSZI6,39
KNL1LD,22
E3LBRQ,7
AG24WS,76
DR9YO0,40
ODI6UO,56
U2X9GP,87
BQBX2X,13
9R6CM1,42
S75BTJ,88
U63F89,6
8GW5TV,63
QY8O2A,77
9TYH1G,82
ZD3ECW,20
ZSJOPG,85
PZMNR2,25
4T845D,96
66955W,46
9ARS09,99
D27UW5,12
AN7KEQ,32
C5DAR8,34
62VDDR,91
IRV0SA,7
JYXPRA,20
GO6Q76,70
APJB6G,84
2S0X2A,93
PSJ09W,21
EKEE4L,20
V4WSPE,56
VZB0X9,52
45NHQ6,62
EEUD8F,34
840NRM,88
HI8UYX,84
EKYDP8,78
Z4OYTJ,8
NBJ579,68
X4DEZB,29
O4B0F7,29
F8RIBL,43
RT6P7N,65
U6VSV7,39
K6GKBF,39
1QT0UT,60
XTQ848,95
MUKQD7,99
F6293U,25
MXV0O3,48
E9L8WB,57
4O6JVV,4
HLM8N1,81
NOZNRW,9
W9ZL1A,80
AFITLX,85
R8A5V5,0
8E6100,91
DPQ5EP,31
O4O6LU,41
SU0FYB,57
9S9C0J,49
C1R1CS,10
TZXE6L,26
W1QHZY,65
ZRNTQ8,81
H8A4WK,86
GLRGW5,14
SW0MIC,80
JF9R1K,84
A5J9M3,59
IROLWG,31
1M7OAM,71
MBG1JV,43
HA91Q4,74
IY43J4,97
YSJ2RZ,23
JEK11G,24
6M7Q18,4
T9OV26,36
6N7G7U,14
7ZWNBM,25
PHTO4Y,87
RGO3NI,22
H3R5SL,93
KEK0BY,60
7BVPV8,42
0OBCSB,40
QJKMD2,50
TQQ0BS,36
BKD66G,95
JVGZ6Z,68
HLH62S,9
9A6R9I,95
FTRZV6,50
8WMGJ3,18
YHK3AK,50
9DZZTG,21
QLRUQM,84
6CT3JC,90
VXLVAJ,49
4631DO,23
VU9W70,90
WB7E26,72
H4APXK,70
L5XUKL,11
WAWXM6,49
I5IGPJ,79
XHKUCR,38
LNZGGY,95
GZOR2P,61
52CMAU,69
F5YGFO,13
LAXNA3,35
GUYJ8T,53
L3TQDF,84
XKYX1C,4
1E7JZL,94
K6PCFF,2
M1L2LJ,18
DYQETG,14
FGVVI1,75
64XAQE,0
JIKX2I,7
WNUU7Y,22
S30TU6,69
9T1YXB,20
CPGI34,8
PRB8VE,55
XOT5U9,36
MC3QP9,6
REIZBW,100
U8N6LG,6
AB35G7,87
EU7724,65
9ZVQJR,43
G5H3JC,72
DQ5AIJ,75
O7I4AR,40
95FC46,56
7ETLIB,48
07PQDN,8
CCXJUD,50
DF0HD2,10
K11XBJ,61
K74TO9,68
KPXAHN,22
C0CAZI,0
BX669S,18
U0L7KO,15
KY5NPB,40
1LCNDQ,55
E4D6CK,29
ND6Z6A,48
AZNR17,82
Q1VVH6,58
L4PW77,83
DH3J3H,35
PBF9DZ,47
PEXCQK,16
ZE4EZP,93
YWNDMT,23
0FRQ91,47
YT2XHG,77
RVAVIR,59
WB1301,25
5F7Z7A,56
2ZV133,10
0EIMGQ,60
RW5038,12
UEPMXF,19
BWY473,67
1GPNQ0,82
B8KSXR,38
4EX38C,43
BTYUDX,52
EIZHF7,43
D5W7OT,0
UX8KH6,21
6KB1VU,42
11GR3H,5
NJ5QLO,98
TBH9WD,4
HRM0PI,97
E6TMP2,95
4QE5G5,67
DDN5MA,78
C9QTWE,56
EIE8OA,35
EFJQHY,52
85F6TL,87
NZIOI9,9
DNJZ8N,63
O65UCS,13
H3ZEG5,63
ZJUHIO,61
PH5P8E,19
JI2TNR,23
6VUKKW,21
HRN2J3,53
DCO5NH,74
M6YHQG,33
JW22QG,67
UHQHA6,94
I405T8,15
YY0WBM,82
5EWL0I,75
AH84NX,87
WRLIYZ,32
IARFN3,55
YW2OAJ,27
9C3FEO,19
4BVF6A,59
NXIMLK,33
FO8E3X,52
FRPCIF,73
J3IQ41,52
LGXWL1,23
BRBM0H,29
Q06GRM,24
0Q2AEK,48
SKAIM7,99
CLCX5E,38
SB0SA7,98
WE6XJW,59
YGMPU1,30
IELV5E,85
KZ9TRI,42
MR1RQ3,14
77YZ5A,92
FLJ7UN,61
9L7RPJ,36
GDL0Y2,63
3DL2F4,13
LGW4KY,23
HRGBZ2,96
1P5QGB,74
YGK2V8,92
3NDKB2,63
DNFF4Y,28
1077Y5,34
IEW3E8,74
T3EM08,24
TOXBHW,39
ODUFZD,83
TDG9Y3,46
3S07IP,34
7KS6GJ,64
Z3TTNA,32
5ADCQA,96
NO90CG,30
P3AWR3,16
J8R9GT,81
PTAKSC,8
W4UV47,88
3Q6DIK,67
UOSAPY,77
U0I3LV,6
ZB32W7,62
CWGK7N,44
YIGIFA,23
EPFYCH,58
30UT65,98
N3K6GW,6
JBQE0G,23
B9VB69,4
ZGSG4N,37
PNLAC7,41
PE6WQG,32
17FERL,100
46FNNG,9
F3VNF7,33
EINF31,10
APPVB7,61
I5MQ3C,89
KOPGLM,52
NW4ZN6,17
51LECR,41
PNELCV,15
8CS12N,70
V0UMKM,49
SK8Q30,57
URKOJ3,10
52P080,50
BSO0GK,70
U2PURF,33
CGSY2V,20
T7SNXI,62
70S8QI,16
M4XETT,27
OZ8IXA,63
RARZ40,53
FSDWB2,51
S6PCDC,40
MA71O8,69
AH4JL3,91
XVP3LF,90
ESRLFX,52
C498V7,63
P6Q2I3,86
ZIATW9,5
J99NV7,9
4V4MFY,56
97VLQG,23
7V988G,24
MUSWMD,84
WIKYS2,32
A9TQSW,31
E5PI00,31
UKFFMV,59
U3C2Z6,77
RONQ9I,90
W66BEI,48
MO65Y1,60
YNMR01,89
040S75,57
VXG5QI,64
EKU978,64
WFG6IM,42
1A6BXH,7
Z7OBLD,46
DF4PJG,45
EMNHO7,17
BEUT8O,25
0NJGHC,1
2Q2XPB,36
61QP4B,75
B6BBA5,84
RPV976,49
QAUA0C,86
RSVP6A,42
MTNJ9E,39
SJLQHN,35
L0X1JC,91
KTGD8L,75
9KZL08,96
SYSWYN,96
9H6YOI,97
K5WLVG,13
DV13SC,63
Y3CO5X,53
9AWN3D,70
7S2DG5,19
PLNW77,74
LT2ZUH,36
VMHII9,69
LLMY4T,73
B0F2MV,75
4D7674,59
GMAKJD,31
6MEJJU,28
UM7HNF,34
U1M6BQ,26
SQHQUI,29
ARY782,82
LD8FAQ,95
DYSYOX,11
A74MYH,35
ZK9ZYP,46
WN02EN,88
33UMPA,4
OUGES7,77
Y7HRCD,62
S3QBT0,80
8PST6L,56
PQ8WIY,65
WJ3JDF,68
9DSLAS,59
8B056I,49
DDYA4O,88
VBE3FN,67
L28AS0,33
IF8Y5J,77
VRWD8T,22
OIBPTE,91
1BA3NS,80
0E4T0H,92
1TTYON,24
5I8GI8,10
4YHNCI,99
L3GGB2,82
9RE35A,31
WCJNMT,67
G7MH7M,9
71MQ6Q,60
ZSL58Z,60
3X4UGX,10
W8LWDB,45
F802T9,67
C8JSCH,38
9VNWIV,100
4XPHLD,72
VOK7E6,35
3M8CR9,24
DN1ON6,45
P8RYQ8,27
DOYST8,64
LOVJIZ,45
TSTIN1,72
6QDFU7,40
UZRLBN,42
T8VAGO,4
8RRNBT,79
PPBZD2,53
1C11Q0,50
GDJ78N,95
RLT04Y,10
0ZP2ML,64
M6I4C8,64
G2UXCI,13
2TZN5O,72
NVCP9M,71
5YHZVR,2
Z8XVHC,30
OXOKCY,73
ZFB0LP,60
R17982,35
YTSEZI,61
HII1NT,78
ILHWOP,36
0GLZAR,49
6KJN9R,20
ZQBUQ6,50
1N47FQ,24
58BAFL,97
A5V1NE,51
OQ6M1Z,93
TSG74Q,86
CE0MMC,63
TNMBF0,12
367EPL,26
VMMDCT,4
BU5QCJ,94
7OTX65,59
VOV6AU,80
RGBJWY,97
JV9DZ4,7
PFLX4S,44
AWPFPI,51
TPA9QB,69
6HSRW7,31
HOWLQF,27
IH8DUI,54
MSXDLV,3
MAAG31,26
N7TWTH,53
PE2TCD,51
3LLO91,50
8LBSUM,61
CXD4HB,81
ZYUF7Q,98
Z8NESW,23
XYT23C,75
F55TLI,86
UK83JH,36
V4I51P,82
5Q80PZ,15
HB7MHH,35
KSYTQU,83
63D34Y,28
Q3J2YU,39
E47VFS,38
2LCBX6,24
BR2YD1,43
87RX1P,53
GQYVXB,11
MTOVC4,55
4OK2H5,33
R2F7YJ,69
ZUP6UH,54
G4BZ3D,62
HZJI7N,39
VBR479,0
N918YV,68
2G8NN8,7
E1MT3S,61
J7BTF6,87
SSQ874,55
9757L9,20
VNQ03J,16
4HDOLE,14
21A8SG,96
RIGSWK,59
J863SO,73
XJVHOG,99
DWD1IL,53
WBPT1I,42
JDHAJN,63
REEEJB,93
LAL20P,9
DILGX4,95
8W9XKB,59
3AJ34B,51
NBNYJ5,52
6CBBEH,47
FC4HJP,65
ANQ75M,96
NHQVOE,80
O1U3SS,28
FZFG28,86
7Q1QZ9,72
90UCCZ,29
PMMQLR,71
5WQ2WO,76
D53VZF,84
FXB48M,65
UEVF2M,25
YEWWK3,0
RCRRHE,8
V3LV1N,96
GSC4MT,6
KNTCSS,10
R8F967,84
EBP8BY,49
9AQBUG,61
TYKHJJ,38
05PTN0,3
VC7DG3,96
HEZ64G,43
CQ1JVR,41
CXSUTG,52
IISYPV,99
OKSG8R,75
371DEL,5
WVMA9C,59
CXT489,2
VLWMRZ,20
4K22U1,52
FKLZ15,3
9UY6M7,17
2MDTUL,44
6TBED4,80
W4I4HC,7
TRIAFG,39
NQ44YD,51
9HOXCV,34
F8KZLU,42
U31EIB,80
3646IV,7
7K39AV,87
C1FISG,89
LONN9E,79
4801T6,23
IUE5PK,54
VHBVGB,56
JLPE68,26
H69X9T,23
6WPHH6,53
H8QEV7,19
79YXK2,24
KCV0GO,81
FXMIYM,22
RGV6XL,85
FQXX7S,22
IFR9U7,25
SCPAAH,64
CRXAV9,7
99MQ4P,90
17N9CG,84
8TPGD5,69
ZL8KLG,1
NKPQ1D,60
7R166K,26
51B4R7,74
4ROEPI,33
UO3C5I,65
NRUFT2,31
JBJ2Z8,49
9B6TWW,86
YVFH9Q,45
FITPIP,41
NRQWHO,32
0Z2NL0,79
1H171C,77
50474U,64
U7A2S6,84
OTJANB,28
J3FSE9,83
4BYOPW,4
VCQVQF,67
H21W3C,6
73L1DK,99
P8LVPX,96
H98EZK,62
OLBLRK,31
R2WVD9,57
R1DMUT,15
G3S5Y8,29
FVC37Z,22
4UH8EA,100
TPRJX7,61
LLS2UE,0
1WKTL5,86
7Z2WZY,50
8JAHJP,49
ZAPS6E,9
VO83DO,27
V82NAE,78
GBD6GX,46
TERVCJ,73
7HC8E8,80
5RHHLI,46
F851DG,20
TVFSYE,20
NC3KT6,41
BAY5AQ,100
FYI6JO,94
5TJ7D0,7
UC89SS,66
WHPF71,22
50R8HE,7
BP0W14,86
HKY0NU,38
FF70FQ,71
JZNI3J,52
8UWZUJ,78
SNP8QV,6
BI11IH,9
JGK6VT,14
TZ7L7Z,58
1CEXWQ,28
AIZ9YR,90
FY2QD7,86
KOIOLO,5
T7STA8,26
QIKVHH,35
LSZ0WS,3
VHZ36H,19
FWOQBV,55
4KF8OM,2
M33F58,47
EUF1FF,54
VM1NUA,27
ETE92K,84
ITWBW3,96
G6M8SP,80
A0VKJ3,96
XHA4ZJ,31
EEX887,67
QL08QK,58
OGQUY3,66
2FJ9X8,88
6W4TZ5,76
VVFQMP,19
0JA4RR,95
ID1ZHV,51
ANPHU6,3
6GEQLB,28
GAZM4D,96
M152R5,8
8KLI7Z,89
EWQ855,95
1MBK7I,50
CQVFI5,18
7I1B0V,46
TWJ88K,64
HUONQK,30
7OJ6JS,9
P4MMC5,17
SXEMQ9,58
PM2O9I,32
7ZZ7ZT,36
2HI6F6,86
UB7YZV,64
6LP8GU,61
7TJL7T,74
271Z2U,16
Z9F4X3,96
WXW4FN,97
M5VL0D,7
CDJMXB,48
WV491E,33
X8J19R,15
MEP9RZ,14
WQECAT,95
YMCJ8W,55
DZ1SCG,0
998AKH,26
K6YGL3,88
ZJNXYZ,56
R4ASA3,73
CQEF5E,56
PTEJS2,31
OII2O1,91
EH36RW,3
18RUQF,45
W4IIG1,22
KLUBI4,59
LVLFBN,53
YCXTNQ,18
7OZTA4,64
G46ERH,32
R9L3IB,21
C28UDA,15
QP0OGY,59
QNJ4I6,36
VX06GN,95
0Q0SO3,14
Q4TJB4,8
9JA3N0,61
1X3PPG,97
V4ED2M,65
UPEFW2,90
PMKT64,80
C22M5Q,40
F5YQNO,65
WM8E76,0
4MQ8CO,68
T4OYEG,75
DREEM2,5
3QB0G7,17
6EZC7Y,91
HXVHE2,41
XGRYYG,2
3AKRJ8,13
A2WYB2,1
3HMQDK,87
DVX2FR,6
TRLGTI,33
2X5FBU,93
QL1GNT,19
DFPVGL,92
Q5OQXU,95
876DVK,71
GNCI0G,20
H5A8D7,51
OJN7LT,67
DTOK83,38
HZ0L8J,48
XDOELM,11
TDRMFZ,59
RHXJL3,31
34YVMY,53
UBV7KY,14
B1ISG2,86
22WIZ7,98
Y28G0G,81
JEYICU,84
296V51,15
3XVCZH,62
424XU5,1
F2Z7DT,4
CMIK8P,27
UKL48K,84
6SUUAS,21
YZDV2C,24
0VXLPY,50
79EJ4S,76
UF9K63,3
CII971,64
1TC29A,71
4LHX7U,50
2HF4IT,38
5YIM8I,84
04IPVV,70
RZKMGX,11
OENNZG,59
SIL4GP,60
J1WL6C,34
WABWID,41
EWLLSS,61
M3QGGW,95
7E1ZFC,67
J9JV3H,26
7QG64L,28
VDLQQH,78
M1F2MR,19
YRJAUT,53
V3X1KB,66
LUXISR,46
ALB8BC,17
NRYZQM,53
ULJF89,81
KF9BXX,28
5P5QDK,53
X2V074,12
GH8B7B,73
SRYPVM,60
HB45KS,62
53O9B9,57
SICA8F,65
4MICQY,100
VQCZ0S,55
MBT2LG,61
DZDT2S,42
XKEM4E,20
AXF4Z7,100
WWSXK7,34
OI4F7Y,24
Q9PHBQ,87
O9HUGR,57
U55PSF,92
34GNGP,8
I4ADQZ,19
YJIBUF,63
2C98YM,89
0IGN75,12
4KWYX2,61
8U65A1,46
7DS8B1,89
E6MYL1,89
LVGRYO,49
GU8JZ7,74
FSD9GL,4
KN5CQR,6
4WHIQ1,92
X2S0WM,100
5MUPUH,79
BCPQGA,12
O4XXCS,65
VOO7GY,83
EWX2N7,11
FTKX2V,70
XV6SEG,10
GSMVBI,74
HJPW5Q,64
KE246A,28
Z6EF74,29
FKT2KW,51
RF6CQ7,93
IZXBEU,49
CHF8LS,42
G9OV11,61
XLDYUB,34
7L7NKN,66
QH9A0P,54
WK1LJQ,66
BRIM8R,87
KFSXE7,84
K7U0C6,22
TOIEWP,49
B5KHXA,90
XI9IEW,2
6SLMML,48
LSGYLW,81
ROE1CD,1
3LEHMB,61
D2SVYZ,51
Z9BI0C,27
ONCBUK,69
HAZQ7S,12
TS6V8F,99
ONWY4Y,81
C2G1DI,55
ZAJW6H,22
G0FQJV,23
UNS0BK,65
GYDQ7L,16
B6DSZ3,13
01Z1PW,22
YGKB7O,37
CER1IO,17
DUISZY,21
JXFCI5,67
91UITC,96
VCFJPI,76
OFZCY9,99
UDXTC2,15
UW5WVI,2
KI3ACR,98
Z4TA6P,32
R77ZZW,15
IBW8AC,63
1EIURO,43
DCTE11,52
TVGONO,45
BT2ZDB,70
5WOEWN,74
F2DBIB,78
T2HQL9,8
4AXUE6,7
6EVA4F,64
D4SLFB,62
E2GNAY,19
Y719QK,93
X9OBPN,81
2H9KNC,15
R9TUDS,14
PA6F9E,76
RT59AD,88
SEATKG,15
K2IMNQ,96
6ZR5G1,50
8126FY,43
XDEVN7,24
RTAPBA,28
CKNDLB,17
9ZBH43,75
DGZL6Y,21
SWF8RM,52
X5XXQH,94
DBKNIH,1
UMGP0R,24
FHXCVN,52
BJ3CNE,95
LNMF5E,80
CSEMG7,73
QESA8S,57
P2M26R,4
8PZEKC,10
NCZLFC,43
HHAVVH,75
1CXS4Z,66
EV7L2Z,99
OMZ4CT,46
PONFR9,47
68JR83,74
DZ6SLN,51
S8OKDZ,17
F6FA2O,20
H9OO4O,33
4W7APQ,28
BB10Q8,88
VO8FYB,44
9QET3Q,25
GM9BFN,97
KAA1QW,8
9D249W,14
NVZ99F,16
A9IXRS,13
QWN8P1,96
U7HSMB,5
ZQRLDL,16
OXEP3A,72
28E7G0,98
L8EIAA,42
CC2YH0,77
6R7NSK,12
SB0F61,8
8OZ730,1
QQONXT,13
AQ6HSD,93
Y7D932,7
XC7M6C,59
I6TH19,80
GVFJAW,23
3QZVSM,91
BX2PP5,28
ATH0L6,17
QX81FR,47
BEQUYD,72
EPT77V,97
NJ2TAK,18
3WNRMS,14
ATFQ09,79
AVZGFC,11
PVD9QI,50
FBASBS,82
2K9Z0C,80
71LRV5,59
ADJY6R,86
P442CS,56
01W6RB,30
ACXWGC,22
YA6217,55
UCRGND,12
LHGQEI,10
B0DWJ7,88
Y4SACY,61
C8647J,99
SD0NSH,60
FIVX6L,47
SRRH2P,27
T7IJ34,23
ENUDJX,74
H9SBPU,52
5BFC92,41
QQ7220,15
3YI3H2,72
7IANI6,10
RFSU4T,17
2IMBHF,5
CLAF72,7
HEFGY2,68
SPCWNW,60
H58I13,56
RACCQG,45
F4C6VC,29
K0YBUC,64
CTW6FD,68
CWL2KF,66
LBYRIV,86
W6PJAW,42
E15U3T,56
8HIC2F,49
Z66W6O,54
FTELB9,94
I72F9Q,62
0XB10W,97
J9SFXY,41
GO5MP8,40
DOJEY8,79
3NSV7I,34
KKX3A8,4
A5EMTM,70
FN9SZ4,28
571THL,34
SIDJJO,65
J0K6AC,55
8UNOIX,49
OGM8QD,15
WE2V6P,1
XJQSVJ,85
ZW8HF5,45
5R5P4A,19
NLS8CN,53
SX0BD4,62
C8SGG2,50
6O5OVX,27
ZFTRLO,99
M4BAOI,78
R6Q447,25
ED1XHU,19
G2YLCY,72
I9T6LT,90
R8H6Q4,59
HWSTCG,55
DNYARG,63
4EHX5J,39
SZIXQT,85
0TXTHX,0
PXZ3I6,24
QW9WLK,61
V083PI,74
6ZKA88,32
9BY9A5,97
K71OYO,69
U999VO,10
PSF68I,57
QGUC2R,98
XVUZK0,19
61PDKM,54
8ARZUF,38
THB5M1,85
T45WDN,2
ZDLXF1,75
A3S39S,3
Z20BZU,20
COGPG2,7
LDCV3P,89
PZABCU,33
KZKTO7,88
5WVHYD,19
8MFK7B,31
8UT550,40
4WJCO4,72
W3U0HM,39
MT4XO4,82
19D4X0,28
PTZUWF,21
I2EBB6,5
5B8BUX,94
KF7B2G,33
3E56WT,78
GGM4Z4,33
0ZSMV7,93
PCPB3D,84
95MKX5,74
TWUXWB,70
PLVX8M,49
Y7OX8C,11
1OIK76,39
XPEA3J,31
8GZG8K,28
5T1QHV,98
567M4X,75
6JXXZT,31
MWNS0C,0
VU2RRW,82
R40QZE,99
UIQDWS,12
W9M37M,64
Q3EB7P,49
H8NU5R,61
U9M5UL,1
JOGQ63,83
KWXEWS,27
2ZVAZE,4
PSF4A7,79
GBMK64,3
K9NBYO,19
K597O8,36
OFWCMP,16
2S3IL2,6
C4EPBW,89
3L0DP8,27
V17PF5,48
B39DGZ,69
ZHT80R,59
MKHMBM,43
BXE31J,28
TPGW2V,26
X32MQ6,55
FLEW8R,72
NRDSP1,31
6AJWIB,57
4T8GH5,67
SB8RKA,17
7DJ6A6,46
0EUCOW,25
4QJH9M,28
VSJ5LG,76
SERMVM,91
8IYQB6,51
EZ7F21,27
BN5C8X,0
76WHLD,91
DK29YV,14
EK9DZG,50
CAO4EJ,100
12WLW1,63
5OES3M,31
1HY52R,2
R26INY,22
W2TQGL,99
METUJ8,82
D6RNTH,67
C8DCDR,48
QTO9RV,3
CRC28T,55
WGFS2V,65
WIC9IL,22
GLYN6B,28
Q8JFTN,69
AENVLC,33
87JV0U,74
2UBNYT,9
9SPMXV,55
6O97C9,10
0W0202,0
D8NGMA,51
6YRK02,74
6SYS8R,37
6ISFVC,36
DWP3QS,80
TY2QMX,50
DB143L,53
I48844,23
9Z18BX,28
KIGBIO,94
5NXOB4,23
BEJ01I,9
ALLHMR,96
NWFMML,68
YO0QB1,67
3VQ38X,89
GICKNV,99
W68EU9,76
E9BO33,9
CF129J,54
YC9YV8,71
K861DD,24
QNMWJ0,71
SWV5ZG,5
RA9HJO,92
0G5EJ8,27
9L03ER,91
Q94GNL,51
GHNS0Z,75
GKNL1M,12
UENQIT,50
RTSRMR,15
KHS09Z,48
GEQP46,30
10VP9P,58
5R6N3U,41
LKPQKX,57
KA8SZZ,72
LZIIN6,8
DNZY9E,25
4WUWFB,83
I361Y8,43
3AJ6AM,46
5QYK37,13
4T43CV,82
BO2WOK,65
ZI6885,5
99MX90,89
DLKI0L,37
QT4OW3,3
468GX4,57
ZJF3NM,34
48XI82,93
8SJVQG,43
56PPMM,61
8C3DVV,43
5WSJJM,66
WCQJ1E,27
CM9DZJ,54
PQSHKC,21
I37BZG,50
D7CXX4,24
YSTM2N,77
M41RWG,85
VBZI0C,93
6Z4OXQ,38
2XQII8,68
CK73XW,29
XMTYZ2,67
3J34UQ,51
9MZ2PE,57
6TD0XS,72
0VZAAU,45
UPSBX7,13
E87CW6,66
VDYPMR,1
2AUOMB,7
O4HIVW,64
GHBDLQ,35
018PF7,95
4YIRQ5,45
HVBDQL,85
FV1W5P,80
DOR3TF,72
65HMM8,23
OVX435,39
G44KK5,3
IUDYVU,78
CBLOED,93
8VNFF8,87
OK97R7,96
OQLXYA,78
35LEBF,20
STIK1N,40
V7JK3F,34
KOHV5D,100
KFXTVO,18
SFX2US,97
NU1KCK,40
AQRJ48,93
S5RIYR,43
XE2I24,64
HJ54SQ,47
JWQYQS,32
VURLF4,27
3QKRJW,40
RBTE6G,61
LVMLMO,39
2Q7WDU,43
WHO6SV,8
SMMLPQ,19
T5302Y,88
L3YM70,86
P69D62,5
CWUXHX,38
DNXQO1,81
D4WPMB,94
CZJ65T,24
C36QP2,20
CH2ZWZ,36
KDQ0YN,92
VM5U5E,46
7TA5AV,49
VMPCBW,30
67KXAY,79
X9WSDO,18
ET2CG4,20
X7R7P0,19
VFQTKB,64
79RN47,20
UA6JM5,94
WND8AD,6
VKM5EP,64
AO00TC,24
JKLNSH,83
RDKLNM,75
CHBZRR,32
S6T586,4
P14J6S,36
3NLNMT,91
6ILH8R,8
ZZ6SKL,85
DG0JHV,31
I5N5X7,49
NGCWXM,90
DC4L5G,42
TPIIT0,42
7S8YVY,0
B8SAWL,30
0GW7RG,56
USU4ON,69
KNY3I3,15
PHBGJM,24
2MXCQZ,10
SR99U5,92
ODSQBT,87
XFPKNL,81
JW6XX5,5
JRAYTZ,43
4FEFAT,12
G213XY,34
YZKOBA,47
8VX8JT,82
CBA463,45
1SB8KJ,73
TA30NM,34
V6YUQW,68
IY8GT8,21
DHX2JE,2
DODILU,71
CM9FQZ,79
HKVHB5,49
K76AIT,37
Z6SIXV,81
M6V1BL,87
H8VRTA,64
WK3BZ7,99
MOA30X,4
ZI48A3,41
5CT6SW,12
ZYIXZX,84
WU798H,11
MN6URF,57
81YHVY,45
4S5VV4,17
K7EMP7,33
XOFIDP,42
P6GH50,49
RSKYOW,80
577C06,1
SDEYZQ,30
XGDKJT,74
KG0F9B,64
944UVJ,70
H7WGJ7,5
RY28PN,29
57J995,1
6OHVFP,79
7V6IXI,20
LUQMJG,94
ZVITHL,88
O8E4Z1,71
2CLJQP,31
XAPAN1,28
D2ITXZ,66
Q6QTXU,46
NQT740,56
FHWBUG,13
O9ZHGM,65
L1HF13,67
U97YHF,85
DKRO08,76
ONMM9E,41
DCAHHK,86
2PMOC8,33
ZNE6PN,4
25FGSP,52
507D0B,28
RYYE8H,56
IYQLD9,35
ZX3RLU,79
DMIA95,96
D0LIEZ,24
YVPZYF,5
52J9UZ,97
XKJXDC,95
LWKSFZ,43
LYCV9B,5
3F9XWH,46
5DAA5M,53
S6EIVT,93
XEP67F,39
O946FA,0
L39IYU,35
0875QT,35
LGL43V,18
HBKKIX,18
FWJ7Q2,52
1QNE7U,12
UN7G2G,65
W4IKVT,67
HYBAPN,82
TV5ZZR,51
7SNZAY,56
JVRQEL,10
16AARW,25
WYQBY1,69
7UAPNK,63
GWVCCQ,85
L46HSO,83
1ICX1M,72
Z8BRON,90
UICOAA,76
U4YPFZ,77
4D1TTL,94
GFJO8N,75
0CPS8I,37
7KIAJF,19
GZPCHW,23
UWNEQO,62
3U38KH,3
PEQOFW,88
XWO891,68
WNVA2Z,3
HUTZQS,95
WPB5DC,95
ZC8HEO,27
KQP49G,73
Z8PYRU,18
9WXKS4,40
LCSAGE,7
CWXYYU,56
WR2BNI,18
4GBATV,1
C82BQ5,58
K6GI2O,46
IXTN22,26
U5NI2O,44
349XXK,65
PU22X1,10
7W46UK,92
GP1AX5,48
OYS66N,71
FRVGYM,4
UZRFDP,9
21H4FD,100
VR2L66,90
ACB6MS,50
XV7VSG,86
ZQCBN5,2
NINAMP,10
8WL1J0,89
DJV5PN,93
T7Z6ZF,10
ZDPS9V,3
CKRYJ4,4
55CYEZ,99
2YM4KY,26
8BDKPQ,10
88DR7Y,29
HKDDV1,68
PUQKGI,96
EHN3CM,57
TZX898,27
KHNDHC,40
SAPE58,90
A1VHQO,89
HMXK5Z,7
NUAI4K,81
KK2M9F,71
955Y48,7
3IKNOV,24
X2TH2X,41
48V1F7,86
LIM4WO,75
LKW6RE,37
G6MOQ1,17
SS7MXX,71
V9978Y,43
IWNPAQ,10
TFEAD2,80
I15GNO,75
G6AJ2B,0
4UVXBQ,57
RH3P3V,91
JYSVWM,56
H8EYV1,6
QMOLXN,23
I1TOIJ,54
0P8974,75
YO81GI,0
OZYQ0M,99
PRHQ50,94
9BT8OK,58
QYSVNI,44
C6FIQ9,79
PV9QQO,53
C2ZNBX,15
7OVGVL,72
OWLLU3,54
QIM20T,83
N2K7ZF,38
BGORSE,45
4BPE90,63
MOKVCJ,83
K9JELM,51
CLNR3S,77
QV9WEO,18
89NWZL,2
S9SNV5,0
Z1GLNF,83
4VQMES,17
NQAGSF,71
FRUA1A,7
4JPRXY,52
R08H7S,64
T6HT86,63
BDED8H,6
JMLVB9,90
KF7CDZ,26
HZLHDL,25
EVUIPP,92
P8724W,9
NYQCID,28
ASUTHT,13
VOD2AF,68
X1VDQE,44
W44UNP,93
0PREEO,34
45DSSQ,55
2YTN15,39
PDHAA2,61
VDDTW3,79
98SNC9,64
PHQRIP,29
UFYXI1,13
WVSN56,1
JPF7FK,8
OBLN6V,81
4LB0GC,47
UA05NU,55
W2FK91,54
72WZEH,72
I7ZPB6,13
WMDQKU,8
OZEL98,98
R2488K,37
2I7KT3,72
YDR388,76
VYMA83,75
YB7UXG,32
LZOQ8J,99
PS3SP9,11
0A4JAS,15
MAKYTH,67
LOQ3CZ,60
YA9TOB,55
ACJIK3,47
ONCGPW,13
Z8OAO1,47
GNNEC2,82
HYBWS3,64
1DLBZV,25
2BC0CJ,82
88R6XG,59
RJO1SY,33
ZMCPK9,12
35GWT9,11
EV5TWT,34
JK7LWJ,76
DBXDEP,60
X20KHN,99
ARY0TJ,74
1VDPE7,40
NDA20M,55
22N1Y5,94
G8WCM0,12
GW4JJG,36
AKUWLA,31
9U3GGA,11
Y41FL4,38
KVR41F,10
P8UQ2O,54
15QVNH,51
GAAQBO,21
9476UM,82
ERTUJT,13
ZXQGSC,33
MFWLOB,48
DYOR0P,93
MNDTM3,27
MT4QSE,0
KUFII4,19
H1XLYK,68
9WWN6S,32
G3DADY,12
1RZIPV,57
KDSTCJ,97
FL4WDI,31
TDXYJE,30
CHLXI5,76
K63OPL,23
Y61IDT,12
XE0O95,58
DE970B,78
3UAVZR,17
73TV9U,100
WLM0NV,100
NTBUSX,52
2OS9VA,44
7FATF9,91
GU5P88,61
C61DHO,55
OMGAPR,23
SFAZ64,52
5P55QK,47
T94IZF,70
KPHLNL,24
Z1FM5Y,20
F02849,44
UKBPHC,42
VJTRUN,71
V5C9GS,100
OV6O6A,64
KFNM88,15
ZBZIF8,52
CFRDFP,0
ILCEJK,63
M62OYM,29
1NUVUR,33
LYLTVE,17
9F54UH,42
WIZRWJ,47
YIJMTN,48
CRM0UA,24
XGKGNX,54
LCJLUX,21
29E8K6,85
309PW8,23
J8A71Q,72
JJ62VH,9
MFQGA9,74
U2UP6M,93
2I1VZ6,65
H7NO7C,74
CHKV9F,76
GK13A5,86
H6YO3J,33
QHFPZ1,95
FFXFFN,96
TX96FS,35
QTUZHB,34
3SK70C,42
KP927A,86
GTEXDI,25
PN26HO,71
QT3EB5,72
BUHTKN,100
QDHRZU,100
11HWZT,14
4ARV17,27
AE1QKF,14
QG3F54,49
1NN8K0,21
Z0CP4C,66
I7RTBB,77
XDUPVQ,66
YWBDO4,81
YAT80Q,51
FLW77N,2
6G1NF9,64
3H6W7G,2
UPMYWR,80
3B9T6K,72
LY7MJY,25
EVB08H,84
H8EJ07,16
XEOFTQ,36
14LL38,38
CDOVGD,15
XYHK7C,23
YCIQC6,8
EKFVZO,25
GCE967,44
OSF9PT,23
KJNBDO,5
PB6K4S,47
YSD7RF,63
NHRPVV,27
7OVKE7,75
YZOK5O,1
0G27W1,89
BIZCTF,97
C6Y5XR,93
GQSXU4,71
VTK5HF,90
L1S4LI,36
4J9VKA,52
PXR4W9,39
4NQFX6,42
P745NM,92
SDPY6J,48
BVUMR8,33
NNLCKN,9
T236Y7,96
YOWXLS,70
LAKFTC,63
TBLIER,81
3Y3ZSK,31
S9SUQ3,56
TTTZ5F,11
I21NEB,73
WRM8TK,100
Q3PZ4F,5
ACU45S,41
27FMIC,68
FXX0VF,59
R11BMF,63
AU7AO7,15
7X02JJ,28
5L5JD2,60
UNISST,73
MLE9QT,82
Z8EGRS,14
IF11C7,65
W7VTYS,12
H8YVLH,79
ECLNDY,26
1KGBGA,34
GPX5CS,83
BBUPQZ,28
VXJ6Z9,50
ZT7NLW,49
99W4KO,87
L1XT41,48
8UOYCA,87
EAE7C9,71
GBXTPI,67
26XFO1,61
KH8519,58
2H512G,93
0MQUXC,34
8ES6X8,6
24AN36,64
NMJ4G8,56
WC39AD,57
95TDB6,56
SNWNER,45
UVMV6Q,74
2P6I7F,63
RLRB4U,23
DXEA4Q,23
VZZ93H,12
5Z0DHJ,27
TKUXF9,95
892VSF,77
TYCY0P,30
1AJDCN,9
GASLD2,88
QNXVDK,31
83YPQB,61
Y9FBPF,82
BKF5XQ,38
V2JJIG,63
1PJJUY,82
XC9VZO,45
PRO6VF,98
URDTUK,48
XSCOXQ,90
Q0Y1CS,91
NRXJQS,97
BPI6HW,47
IP17P2,57
H6281R,21
82ZSDM,83
KD8LQT,61
VLCM4S,9
41OS81,40
LSNRZ9,11
8389CC,78
98OPEZ,14
5WWNUS,71
VOVY8D,1
OQDVZX,72
7JZKCZ,8
XER18U,13
77LC74,44
3ZJGEJ,54
F9EP4V,67
39WNKK,78
WVMXQ5,59
SB958J,22
055VWG,25
XEQZP4,68
M5FUPX,19
SLNQPE,53
XCQ51Q,67
I5LVYC,60
LBR6ND,32
YUJX17,30
M6IX88,4
N42WJ3,100
L6BL6A,97
SJ52ZK,5
YZTOS1,39
LK9068,87
ILTO3B,9
L7SYPO,8
D3QG8B,13
3Z5SYL,65
24B2RG,40
NEEG27,47
RQEM83,41
KVXATR,4
XNNAT7,81
HEEIWT,61
TKW035,11
C5YJCI,44
J27FLB,28
RYH0TP,40
IQEA6Z,90
P1QDM7,28
BQR87S,10
QEQ7NH,62
U7G4S7,4
9C139X,72
M2XPO9,53
4BFQPL,32
WTAE41,11
969CYG,39
F3SFUZ,94
JCKKW3,93
G7W55I,47
YI19DZ,26
YSE2RC,98
BKMCV4,93
Y2JAYO,2
5W6PJP,18
LLZQA8,2
7ETKZ4,89
S8WVD5,99
V3XTPV,86
LFGTEN,50
MWG518,62
DBATLW,87
3ATVP5,83
XFPT8U,25
XCPBPE,61
QDL99E,75
HDILX5,31
FASL8D,4
POPFRT,1
W4ZEG0,95
TKFVH1,30
VZCR4N,71
JRMHRC,95
CU3QZJ,98
DSHUXM,36
33P6CX,92
K5P7YP,79
GW1AP1,58
RWB5X9,14
FE6NFI,65
CYRETG,46
WZNJLN,51
8T2IL6,68
OUUHRX,84
FE5TDV,40
YXLMA0,40
3OW3MC,99
1SW7NA,58
QAT7A1,78
XPI5UE,94
3OQ4FK,30
NGPIHP,69
PYKM0N,51
7FX35Z,98
XLTMIS,67
P26HY2,20
KO4D6E,50
XM6CLZ,22
JDU8Y6,86
23F7FW,3
E10QBS,42
EP1YTB,84
TQOCSR,22
FROIMD,7
1TGS34,14
4Y9LBK,37
T02SBE,76
OJFI1I,64
3K7FPI,39
F624G3,86
PN4UGE,13
QQIOZ5,3
28T379,59
EQ5QQ0,7
H0PAXD,54
OJDU96,10
TRMWP9,78
9XX06R,43
JTSNZ2,63
P5KGD4,27
C0IHIW,81
NJICT0,54
AHJRYX,86
K582GT,85
K4553A,52
5TT25E,88
GUYD8E,56
28Q254,42
8J7RSE,85
RM7XQU,79
TJRJWS,15
395SRZ,68
Q72752,22
H0Y9VL,60
VKK3RM,82
MVU8PN,21
O9KDGX,97
WRXTT4,84
VPVHCS,99
NMWSWV,71
7X8THD,15
VXYLQ1,84
KNUG7W,57
FGLWGU,63
TKMSD9,20
P40LOF,19
ZCN9DA,85
S8MG1V,51
TZNRJ1,11
C9XPMS,24
EC7BGA,97
OTFFOF,87
NIJV6E,91
2RXEJC,3
VNY0C8,23
DR76KO,20
XX9LCD,46
EUDSBI,46
G0IKB6,67
BW7861,8
BONCLM,67
19TQGC,37
I4AEZ4,30
5XZSML,60
IP6LCI,21
K1C76R,18
VQPANB,69
GXV6Q2,65
H3R4Q5,28
RYL6KR,39
YQH5YT,7
JXRN7Y,42
Y78064,41
3TG8OC,61
X3HLLR,73
BFYR62,34
03NFEN,93
EQRYCV,26
XNLP1O,76
1ZX25L,0
UHP25C,89
TDM03K,100
999ZRR,56
YF9KDM,52
Y582D4,1
K8615M,58
QPP4IX,40
70ZQXE,14
WRRHT2,89
OTD3FJ,31
DWOL7J,48
QYIH3G,28
IVIR4T,66
LQE7TD,57
53T7KO,86
1CHRI6,60
7XR1Z6,40
IMBC5Z,17
MVG03C,51
FG9XSE,62
K05NL5,3
JP8ZRU,35
PEER8N,74
XO22UI,23
KQQRHL,79
AC75X8,9
OKK1O2,61
UR19M2,96
RSRPG4,78
9T7H6K,89
ES1KU5,10
DIJPOQ,46
M2Z9QK,39
Y8B0OJ,68
YQ12Q3,30
HG9S3P,83
2FTSYH,50
8XVTW6,51
7AGYG7,25
TTBKGR,4
LIN0XP,91
PFFSAD,99
WAYBKZ,27
9LJO6X,60
PZCS9J,66
0FKWIY,15
OLOCHE,79
HU2948,88
4D8B40,68
VDCV73,41
A8WR78,5
5S3KIR,20
DHIYYM,28
SHKG4O,68
FL6GNW,66
JKSJOF,44
UKS71L,36
RLK7AS,17
97VSPC,49
SRU0QA,13
7NUY2L,3
O7ENIO,38
4UJ3SD,48
8LQWNB,99
9FQ1S3,25
6ZL2DF,83
KHKIL8,58
CLW7ZL,89
RB2OCJ,9
CCX9VA,40
KXBX2C,15
MIFEYD,91
34VMQ3,52
DTM1A8,32
MSUG86,63
HBKBXJ,48
TAMH9J,46
Z9MV9C,76
D4HA79,68
3BEW1A,8
VDNZAY,91
VW6KLE,63
ESEIRQ,49
0TVYNC,54
FCT60D,44
2JVR6J,19
NFNA2A,45
IEIPLR,0
R7Y3XL,18
ILZKHJ,66
J8YK74,53
02PQ4V,22
6R9T3J,80
N6MRSO,73
XOKL28,16
QFKCVZ,89
PUQ0UP,35
P0YUZK,21
UMB3A4,16
G3RRNS,100
9A3JBQ,24
P2EFI8,77
6G841E,86
MBLVRM,61
YMS3A0,42
F65K4D,23
I09MQ8,99
4PX2FR,3
4Q6L5Q,25
66YHFU,89
5D2HVQ,50
3GK256,54
BGFD4E,55
ZX4G1J,86
K2JIWW,66
E0AZVL,79
ZW70OI,97
BA7PCA,5
F0MGT2,13
BVPHB8,81
9P1LEI,50
RFOO6S,82
EEAI0B,20
LC2JT7,67
GVT1NT,62
VFYGPP,93
SHU38F,70
TIVTLR,60
FCDQ5N,85
1P3Q04,40
1J0GIH,50
5LGJKB,75
DLX7RB,44
LCAGBX,94
6YXD6R,24
4BEY6P,22
QB2JAF,83
CUR6ZS,69
VX4Z1Z,23
UEGLEJ,80
4ML06W,92
S0D1J9,98
85W4J6,44
0HI6VL,67
AZ1HUH,39
BH7NXR,53
TE90UK,53
NU87Q4,18
Q4U0AX,77
C8FLRX,50
MAV0TR,86
G3CU54,63
KKA09G,20
DBOKGD,63
GKUWLT,61
H8P5YM,52
KLJK6I,44
ZXKW83,80
S556OE,7
OCG8KW,23
B4VRH3,74
HEEIY8,79
CGQ33J,99
XAKWMI,26
9H75GD,20
OV5O2J,98
B06C06,61
0IS9EG,62
73AAHP,74
KAXKFV,33
M01UJO,43
9V4DZC,41
BMMMY3,53
FE8HFP,58
1YL1XT,63
WR5NAP,4
SA72MZ,52
37MUF8,96
T9HK6B,43
146GEY,69
9P16B0,93
K5SG2J,8
E810ED,49
EB7ZD1,7
LT82VX,13
1D20P3,25
6NRB4J,72
EP85UK,9
P3H9Z3,61
M5MEJE,44
JIIQYS,93
LTGL3U,91
KQJMEY,35
H2G6N4,59
W5VCP9,82
UB0UQO,32
Y06P1R,0
KTVIAW,46
M96Y6O,63
BGZ2J4,85
5G440D,99
2F7EUN,73
EBS852,20
UJXJIJ,70
UXPHML,45
6PBIE1,9
RFRXWX,52
19DBHL,89
ENJOLX,30
T5YD8W,4
UJRNYA,7
AOE9AQ,4
ECJ409,14
5KAEL5,51
NHGJVY,8
5X3YXA,78
N3IBOC,30
DSXFCV,4
LUMK83,0
1OYXR4,89
Z0TIFW,15
PB2H47,88
RITVCU,31
ZJ4MWG,100
M4CPVJ,54
2CIZXJ,11
